;0;1;2;3;4;5;6;7;8;9;10;11;12;13;14;15;16;17;18;19;20;21;22;23;24;25;26;27;28;29;30;31;32;33;34;35;36;37;38;39;40;41;42;43;44;45;46;47;48;49;50;51;52;53;54;55;56;57;58;59;60;61;62;63;64;65;66;67;68;69;70;71;72;73;74;75;76;77;78;79;80;81;82;83;84;85;86;87;88;89;90;91;92;93;94;95;96;97;98;99
22;-0.3214285714285715;-0.3214285714285715;-0.31113031727905305;-0.3;-0.3;-0.15150650134850716;-0.10041928905068676;-0.09453382610454499;-0.08706484267853602;-0.08696565534786727;-0.08571428571428573;-0.08191740574020187;-0.06926471828716478;-0.0375587578839711;-0.03711921562920876;-0.03052939427011376;-0.028099660909077073;-0.015549969564763502;-0.015165076854115955;-0.014495638609249408;-0.014135565375493668;-0.009033930973249093;-0.00027554279818361993;0.0;0.0006247816344528178;0.001520838027939411;0.007171371656006362;0.007184401271218923;0.0097761498960313;0.010492979108473582;0.02572346566998671;0.025813647281205953;0.027163996654984385;0.03237103264390003;0.03474809837325311;0.04036858659791362;0.042895459487824666;0.04814305589422237;0.05684396231858141;0.05879728603160124;0.06652320010781783;0.06779751220375854;0.06929485843663749;0.07142857142857144;0.0791731097985854;0.07985758091413575;0.09567750500341589;0.09999999999999999;0.10830960355685797;0.11618089430549385;0.11747001273551963;0.11827026149776507;0.11856553923760109;0.12156373458316701;0.13502097627576;0.13827250500335994;0.14103299567594696;0.15383085789399806;0.157270106606823;0.15756630454950113;0.16076922360892723;0.16736548175114463;0.17144381155585658;0.1728033292810072;0.18070175438596495;0.18434594078164113;0.18626180873613238;0.18721219135866862;0.19496321367637398;0.1968474420096555;0.21065219612516645;0.21581488064580134;0.21678259359198707;0.22331665227870495;0.23083961099530992;0.25075611550951427;0.2541346878811304;0.25744770129999045;0.2720058859001129;0.27296886421779404;0.2820939587653137;0.3016439562195168;0.30511978980184046;0.309263001444631;0.3100666622214938;0.3142857142857143;0.3173350015018897;0.3237404346841394;0.32598862989895966;0.330522048165715;0.3361916851610617;0.3413385415965532;0.35294117647058826;0.3699733380824878;0.382971723003747;0.39302485707247037;0.4274601107410818;0.4541587887044252;0.48571428571428577;0.7
25;-0.42857142857142866;-0.35757575757575755;-0.31113031727905305;-0.21428571428571433;-0.16901435398981304;-0.15899720766358738;-0.14285714285714288;-0.12798769107648553;-0.12712109624139625;-0.0617083501204427;-0.018474860746957783;-0.016557773500679104;-0.007127815050923715;-0.003801160437107541;-0.002897948873433198;-0.0016661527393311032;0.0;0.0004947479877654627;0.0035746216239853886;0.0051522147322977255;0.006419456383008472;0.008552858656213004;0.009684115334018676;0.010658098136819357;0.0114389560122247;0.019135477946662524;0.02314528834038852;0.025976028266441457;0.026966247940574777;0.03578442018249639;0.03888215041035526;0.04219705178250521;0.04988334557901677;0.05463887984203543;0.061841658216007726;0.06774168308957026;0.07229128142052296;0.08089945293905174;0.0860026410129464;0.08818585159036922;0.09200121305314482;0.09999999999999999;0.10163499080091376;0.11029633620502428;0.1114073748568567;0.11595420713048968;0.11614642392482827;0.1280701754385965;0.12896265908323634;0.13036066023947643;0.13295152826891332;0.13554232238713804;0.13920256178904208;0.1433548156037595;0.14560446467532434;0.15062893357603013;0.16552102332150637;0.1666666666666667;0.16737380811317124;0.17601564653067944;0.18129399920157974;0.18266113401135958;0.18696716663265966;0.18962960728585598;0.2119634421367383;0.21463907631245654;0.2312687026080799;0.23216256696650245;0.23297881224653086;0.23496847628774867;0.23509404652851296;0.23967731580254073;0.2401254376906034;0.24357290727219527;0.24956029904361346;0.26960784313725494;0.2709439200215945;0.27821496435077187;0.2810790885239491;0.2848681172351347;0.3;0.3067704955305845;0.31246631750917414;0.3127793920987215;0.31839574469795967;0.3229626948408538;0.33016426992030834;0.33421386907964096;0.34601341277068814;0.3596292558262008;0.3714285714285715;0.37580322199015254;0.3758476251544368;0.3856291518918016;0.3978513853391015;0.41407179623615975;0.43560855857695413;0.45269550236685346;0.5428571428571429;0.6
10;-0.2677847708018314;-0.21428571428571433;-0.1866781903674318;-0.09999999999999999;-0.08783692088764507;-0.04756877053220835;-0.046472726437302055;-0.03463235914358239;-0.013143869349185995;0.00023723390375622895;0.005611786003417947;0.012947702738897561;0.015666938675762472;0.015686311737485463;0.017964648188783617;0.03381572100834001;0.035904282450470774;0.04239590834990348;0.043521287362894415;0.04647008111181005;0.050143533263181404;0.07308902689350565;0.07546590202525409;0.07908575009417267;0.08587070090837856;0.08688021898246627;0.08775671219030227;0.09046602552656198;0.09967153705144102;0.10335286918308809;0.1047951575259737;0.10513527200112478;0.11561623688690814;0.11879344426768673;0.11904355729230692;0.12568068388273174;0.12770095801690887;0.12948020494438733;0.13179880181487957;0.13208338570656683;0.139012140665683;0.14285714285714288;0.14285714285714288;0.14457847721294725;0.14485223238798656;0.14900580592804785;0.14997498203909745;0.15097849625114976;0.15970804463699959;0.16363636363636366;0.16373133469322218;0.17575757575757575;0.18299774328114668;0.18886280707787972;0.19425340965573534;0.2;0.216813837373631;0.2282556004648317;0.22859123199218906;0.22999078738840822;0.23198658054208737;0.23859649122807017;0.23992443070327188;0.24473830700929963;0.24871369966052728;0.25000000000000006;0.2540461591246733;0.25426542174832606;0.2546820016414758;0.2693250283988525;0.27474566534816713;0.2843147053150453;0.2855390922068702;0.29417744168447535;0.3007226769305839;0.30254489958429054;0.3040655787697776;0.30508885400240804;0.3105473183845607;0.3108992030701903;0.31307170719864386;0.3320400122954737;0.333657309763938;0.33679184314528277;0.3415481231832488;0.3420863927715365;0.3437981930425214;0.3484400901309957;0.3500345727610767;0.3560901229731254;0.36349220890247197;0.3735479597064731;0.37909855787266666;0.4071896561840482;0.4184137043778615;0.49999999999999994;0.6;0.6;0.6087595874350709;0.8660254037844387
17;-0.3214285714285715;-0.2955738014151004;-0.108787563138244;-0.05183560797073602;-0.045454545454545456;-0.042701626396488224;-0.03562185511911331;-0.035567105889890135;-0.030448176816118295;-0.028365778463123104;-0.02705358275512182;0.0;0.0011150791804497026;0.012511175683948862;0.018813849017544165;0.02707541415442172;0.028513576967593858;0.033857121491887646;0.039998990817117226;0.04645283552899118;0.048513379385964846;0.058866722862932194;0.061174925784699484;0.06982132480717344;0.07754572056362884;0.07762794824911878;0.08149198996495316;0.08571428571428573;0.08737433969577975;0.09441045122056844;0.09468796019886896;0.09999999999999999;0.1012498817912635;0.10252837375253333;0.10389184703883948;0.10798846359352886;0.11400652798066009;0.11595420713048968;0.11807616720914525;0.12260693302704219;0.12590987160901895;0.1318213329012906;0.13251427339749908;0.14137214780938484;0.15084824180189677;0.1516901884107338;0.15211357416485813;0.1556718742454169;0.15813270945166108;0.1666666666666667;0.17760000479462837;0.18259133279029605;0.18896603823043195;0.19097110458326477;0.19698199155875284;0.20683773436768715;0.2119763803598266;0.21761940817967101;0.22008758277224227;0.22075899555967368;0.22280701754385965;0.2371984989728848;0.24134532083059632;0.2433006047293291;0.24742796363031153;0.2496980094371416;0.25682053239734104;0.25841002712647515;0.2609769103048575;0.2617973102137914;0.2671565058087771;0.2704779691311068;0.27974453730456117;0.2916666666666667;0.2925974383886619;0.2986776930861174;0.3;0.30947759438033673;0.3095609709314716;0.3283446981140459;0.3300689078745284;0.3318305024769057;0.3366368036326659;0.3440245269948561;0.34567662285772743;0.3531919489240848;0.3624065690521849;0.36639871645850236;0.38291430237965157;0.38477109525904446;0.3973174460994365;0.4072896846982927;0.4391781612197799;0.4437642164611408;0.4518868007280905;0.4804591658905528;0.5428571428571429;0.7142857142857143;0.7999999999999999;0.8660254037844387
19;-0.28181818181818186;-0.2244583003227454;-0.20920685218893076;-0.0871461763193637;-0.08571428571428573;-0.07218612705843774;-0.03690668378018293;-0.026271590970444555;-0.023809523809523815;-0.02346994360147537;-0.02226365944944582;-0.021007516912121105;-0.015834124362385776;-0.010152552911546348;0.0;0.007958679665193914;0.014945735936642425;0.016928560745943823;0.042895459487824666;0.04663816991478308;0.047760206208361605;0.05616499004927112;0.05664611989855828;0.059738709555880176;0.059933926477749054;0.06406227360227816;0.06643539649771384;0.06720980691970213;0.07146911745190401;0.07842508711680977;0.07914315565097604;0.08230236887354016;0.08544031146044444;0.09796480825801004;0.09938292177292352;0.09999999999999999;0.11975783622638343;0.12638340590157165;0.13127525096345743;0.13315228661787165;0.1365423929911294;0.13855853824954112;0.14684189638644612;0.14782266418593856;0.14884981557934665;0.14902905178818773;0.15604463513651123;0.1564152617904973;0.16676806628976032;0.16716886427747027;0.1673571800925495;0.16842105263157894;0.17209350780860985;0.2;0.2008385781013735;0.20481336821629378;0.20492214330029565;0.20678092430182093;0.20788457530991244;0.21652302552484845;0.21823982369611952;0.21924319609792298;0.21939696360267044;0.22351769819068748;0.2377450980392157;0.24136514787018962;0.2432188195715072;0.24389187354315228;0.2478286790911516;0.2524723966767962;0.2565577039749816;0.25687252528365595;0.2616317288571489;0.27345855423488225;0.27893188718945966;0.28104832658035944;0.29003237995345255;0.3;0.32254908512338004;0.3246667956432035;0.3264007214150425;0.33374314432582186;0.33886872881097496;0.3456137850628703;0.3552546719095875;0.35817758514696146;0.369272156499846;0.3738659587514681;0.3779459420235443;0.39285714285714296;0.3935706896463329;0.39999999999999997;0.4010325545280394;0.40783228209723765;0.4372763237461432;0.44792629723054866;0.455736967296907;0.49999999999999994;0.7142857142857143;0.8660254037844387
8;-0.2380952380952381;-0.1785714285714286;-0.16363636363636364;-0.10889561104766857;-0.10714285714285716;-0.09999999999999999;-0.066018013387031;-0.03387459756856013;-0.024553709038769696;-0.02315950644946034;0.0155092178166105;0.02265800584303456;0.026161753782445295;0.04005826793708605;0.04249851089570138;0.04711008786360376;0.05421692895485523;0.06382249042174469;0.08018662014977283;0.0805879102874125;0.08818605368610856;0.08921747291729709;0.0929401622236201;0.09486976451933317;0.09515634824678278;0.09817685329752956;0.10076937689150144;0.10508636388177822;0.10820694325126955;0.1163689133594966;0.12097985496338734;0.13263057581348411;0.13672298947221187;0.1426616823856329;0.14545454545454548;0.15057509295076346;0.15141464281539774;0.1579879228242261;0.15855289061046182;0.1605967684221346;0.1609331848248405;0.1631743875516394;0.16628462320479684;0.1790634165677831;0.17946211943571347;0.19073012433785896;0.20010593829062773;0.20401053960963267;0.2089255790711174;0.20961836425893204;0.21568934693970082;0.2250536801645338;0.22798679412689477;0.2279961146555304;0.22876524217893812;0.22935698852180025;0.2358860319413129;0.23978760503452107;0.24464837219066474;0.24992697862364874;0.2524361822681915;0.25522818771197436;0.2571428571428572;0.2596491228070175;0.2636345612953024;0.2788355204815989;0.28057453739102595;0.2842480601235883;0.2844733995613829;0.2873804928542573;0.2908013291975218;0.2944307289837091;0.30592728591269136;0.31127450980392163;0.31167773949881694;0.3222765804299587;0.3271175578487885;0.3398827895640293;0.3463079707750054;0.34883620019220113;0.3551761902917004;0.36216837305652466;0.3621977506205359;0.3714285714285715;0.37213386562610173;0.37485940921812544;0.38021825194974035;0.3849235398896154;0.388677275691822;0.4058397249567139;0.4086273969237404;0.4128687975703124;0.4159219785333898;0.4184137043778615;0.4776884701453488;0.492820983943082;0.6;0.6571428571428573;0.7;0.8660254037844387
1;-0.19090909090909092;-0.17393131069573453;-0.10714285714285716;-0.09833088187370294;-0.09547238364928863;-0.08734949664948896;-0.08042898653967125;-0.07827362889600414;-0.07736914765195822;-0.06616394885840313;-0.06484773881207599;-0.06435965348220607;-0.06384257866347263;-0.048989819350579354;-0.047389210354072515;-0.04164745779561035;-0.0363032955362132;-0.015234029280812984;-0.01104254686365817;-0.007823314533825123;0.0;0.002793823387047968;0.004949726844486947;0.010178161896936109;0.01966131969401012;0.036235266750063076;0.04815848246251447;0.049999999999999996;0.051814129714658874;0.05751647637078004;0.05857791861290061;0.06479062183676591;0.06678293732520453;0.06703136513958777;0.07762545982308486;0.07795534899748639;0.08723915829337264;0.09183157452693982;0.09432748457819257;0.09437852027839837;0.096220035622379;0.09999999999999999;0.09999999999999999;0.09999999999999999;0.10343818977534561;0.11392976670319944;0.11602960133096431;0.11656898239246127;0.11904761904761905;0.12218772418494873;0.12811689904444049;0.13157894736842105;0.13538185429661573;0.13693172335922346;0.13892710415189885;0.1398833703743779;0.14397166443974962;0.1446347853173245;0.14902279090056061;0.16735308369524143;0.1692461996393925;0.17347827916190178;0.17724598438940944;0.1879328317943168;0.19534953033983612;0.19711712188122812;0.20216129692897453;0.20367871122290152;0.20465867179481265;0.20653082815006849;0.21579678243601333;0.216694796929172;0.2291236670102854;0.23379273802871714;0.23413771637104294;0.24398637398896322;0.2454010720640613;0.24885338845312766;0.2552118636415645;0.2571428571428572;0.2831969722798359;0.29295760122498526;0.2940348627097789;0.303921568627451;0.3077823974561931;0.3217727438007694;0.32565309356270156;0.3432566968565974;0.35039842715313435;0.36020304932899166;0.3714285714285715;0.3881495264014027;0.40288512709132906;0.41653586375399504;0.41729378664706807;0.4184137043778615;0.4285714285714286;0.4370351731445824;0.5013896157560169;0.8660254037844387
6;-0.1785714285714286;-0.15899720766358738;-0.1374550351383399;-0.08889437636544373;-0.0636086042889902;-0.05543934950954887;0.0018978712300498316;0.02169282453119709;0.031071009252938327;0.031107157459740187;0.039961109164191724;0.043661165259363525;0.057181478990425784;0.06094747556741816;0.06717774172764503;0.06989105410585139;0.07712436604263687;0.08571428571428573;0.08757800948528041;0.08843052552673836;0.0929401622236201;0.09478173033822472;0.0992785124458357;0.09999999999999999;0.10269288917553325;0.10711293935122268;0.10744893729106103;0.12150421064450463;0.1246466462295351;0.1290039615194196;0.1382998710782804;0.13893627107293136;0.13920565858899844;0.13950900661411428;0.14025475458207706;0.14285714285714288;0.14587912768110886;0.15589477925164472;0.15699575443652616;0.16320482761085406;0.1641659403421504;0.17639760153452183;0.1771341375416409;0.188528371836272;0.19578176063650432;0.2023513250570191;0.20646601801829767;0.21176878032783397;0.21384236440227353;0.21851284629523843;0.22270735813494916;0.2233932703164253;0.22588708096564736;0.2278810356656957;0.23017302910144422;0.2304219480581347;0.23279388814428112;0.24754901960784317;0.24757003845613285;0.24986931902615692;0.2574983552549675;0.2640806295718213;0.26535334228669605;0.2699659950537357;0.2706922877585713;0.2718490320814495;0.2725664899991094;0.2824561403508772;0.28670394203917726;0.3011605613087188;0.30174110833830764;0.3040206842312328;0.31100767721696554;0.31337635047050727;0.31938898694107903;0.3194322360900166;0.3207849962780582;0.32210806223005933;0.32764309788547474;0.33426548154678387;0.33550776269494254;0.3454545454545455;0.3533548052816698;0.3571428571428572;0.36097562994857096;0.3632802165026507;0.3692016697182938;0.3777093330273374;0.39214331093627003;0.39732936804157504;0.4010195498064653;0.4486150138101662;0.5607962920731624;0.5878787878787878;0.6;0.6;0.6;0.6957252427829381;0.7364081197050363;0.8660254037844387
34;-0.4022470530536329;-0.35;-0.3;-0.25;-0.2394043984080241;-0.1885040359016916;-0.14502069181935215;-0.14285714285714288;-0.09483599071141723;-0.0919281377055387;-0.09052949457784558;-0.08696565534786727;-0.07531446678801507;-0.06856122944463908;-0.06230951606834505;-0.06007394044688105;-0.04310536094202534;-0.03949236937928223;-0.03932083786383928;-0.028644508864549226;-0.02788019287574295;-0.026678301333567345;-0.025880612451617047;-0.02190682305416821;-0.018616591066602375;-0.015581410033675174;-0.014254351639153277;-0.014123572161673596;-0.0097761498960313;-0.001149171658858451;0.0;0.008439897937433398;0.011418372614750923;0.011582699457751037;0.011618769957528544;0.013358195669667491;0.01979455767697957;0.02086897512115973;0.025850419470859403;0.0258698369864331;0.04562052535839352;0.051270434589339726;0.07351368217498717;0.07697698749364444;0.08979975287404608;0.09675252695162269;0.09916631055574432;0.10483966926220446;0.11610405249312757;0.11631858084544326;0.119628398587556;0.12981652825893264;0.13239212409582737;0.1416385302025682;0.14333278395251128;0.1448677075609667;0.1592483469415;0.16666666666666666;0.16716886427747027;0.16725612762701142;0.17499939798921332;0.17788751482889514;0.19167266820914172;0.1967132060450622;0.19999999999999998;0.2045112370136819;0.21210817453956096;0.2142857142857143;0.21668386190442987;0.2170864860225681;0.22549019607843138;0.2266611337014486;0.23201264701806898;0.2340331922531041;0.2413961795451169;0.24229796473639206;0.24992697862364874;0.25104822262671694;0.2519113469064033;0.26176884722757693;0.2627346893629261;0.2640361902446471;0.2921747253171244;0.2967393149430874;0.3;0.30782597485896795;0.3223222221308484;0.3246867601327907;0.3293775678727085;0.331662542537007;0.36261200653050984;0.3714285714285715;0.3824088976695309;0.39651848373420767;0.4078518487804817;0.40833421108328194;0.41566494984146934;0.456992175045818;0.6571428571428573;0.7
33;-0.4022470530536329;-0.39285714285714296;-0.3;-0.26666666666666666;-0.2240157458070998;-0.18348272698123336;-0.14160442448691063;-0.10777972866332515;-0.10041928905068676;-0.08571428571428573;-0.07864167572767856;-0.06346006925479125;-0.04566036517653283;-0.04504607701216471;-0.038000564129746145;-0.03455354897110053;-0.02271829083880359;-0.020290420213678315;-0.019929743276216466;-0.01966131969401012;-0.019005802185537705;-0.018736427908663193;-0.01586748641408254;-0.012470862940014206;-0.010998168633035214;-0.00490634839397869;-0.00478419939427646;-0.0046198600528838864;-0.0029563667588984135;-0.0007607192671316507;0.0;0.0;0.0055052954126917535;0.00760198931494199;0.0159827244254354;0.020143120214477696;0.02049246827140568;0.020979174063053635;0.024984773382155864;0.02691839230916821;0.03458300300724241;0.05863615037738456;0.06464924648652719;0.07142857142857144;0.0896453108123221;0.09186757406239357;0.09527086497686585;0.09828873258622446;0.09872708227787542;0.10683432714079205;0.11379132359398486;0.1272866348934391;0.13542116741522023;0.1369424426974722;0.14552969861472667;0.14786657916078866;0.15631023871701186;0.1604912967756406;0.16288234477062058;0.16359834466559128;0.16617218811286957;0.1674643211274625;0.16763394907683754;0.17550070523766295;0.1996335138536109;0.19999999999999998;0.2090723046542277;0.21052631578947367;0.21766833051211276;0.2251930976715378;0.22549019607843138;0.2392060061176859;0.241263965622702;0.24131099474683218;0.24517011538848543;0.24738031686694686;0.25104822262671694;0.2546258869341144;0.2615760921258662;0.2627346893629261;0.2672628756212226;0.2700616577399627;0.280384622753842;0.29698763187221305;0.2975413989982249;0.3;0.30933543995587565;0.3313731040130327;0.3480016540227581;0.35998521015464746;0.3714285714285715;0.3866806681975641;0.388969651915773;0.39999999999999997;0.40242660232244826;0.40523741385240164;0.4283570106294256;0.4405849108631401;0.465488965961523;0.6571428571428573
18;-0.2955738014151004;-0.09999999999999999;-0.08571428571428573;-0.0647922295662766;-0.03932083786383928;-0.03347309635022892;-0.03215861920475507;-0.02727272727272728;-0.01086571463031267;-0.008444197083981786;-0.005131715193727801;0.002676190033079286;0.011644234545463348;0.016867649439664713;0.018736427908663193;0.02808249502463556;0.03321274652587205;0.03811587429505971;0.04331244167753824;0.052165152089696576;0.055490587355676003;0.055609519780442894;0.06169620583570212;0.06307848360611129;0.0631212096911855;0.07364104079985026;0.08101819667014515;0.08109814512093985;0.08117293299781653;0.08909768813654644;0.08936325310180249;0.0978298764899972;0.09999999999999999;0.09999999999999999;0.10097526357967973;0.10468627180333517;0.1118790709780478;0.11595420713048968;0.11722452022497953;0.12377415071853085;0.12442862983896075;0.12951821916993192;0.1336960066322859;0.1383566165858347;0.14310836033338054;0.14396450511125422;0.16472796547275864;0.16574834476092049;0.16575107027591676;0.16911566718663737;0.17055489345351968;0.17367971606365915;0.18277199291832666;0.18492639811686643;0.19307552388461674;0.20526315789473687;0.20775369093406487;0.21509366433927968;0.21813725490196081;0.22137430428727722;0.23327011828857044;0.23409801669642938;0.23927611218688022;0.24963189506974545;0.2522128961110601;0.2535347654366605;0.25385506721563894;0.26102458706904746;0.2685185915261778;0.27373061562136214;0.28571428571428575;0.28571428571428575;0.28679038752870323;0.2890678637849871;0.29131880845693053;0.30822749130645516;0.308605492209615;0.31794046896661415;0.3367488603907398;0.3398765406504014;0.3409050667764569;0.3415155978882118;0.348387015831934;0.34852560833857543;0.3556392507154436;0.3609287162333841;0.3684128368570505;0.3714285714285715;0.37180527208851527;0.38436541835906995;0.41135334595151835;0.41598197626548394;0.4172683699645811;0.4414469098477667;0.44310608251076616;0.4435185266405332;0.4561484032922297;0.6;0.7;0.8660254037844387
16;-0.3214285714285715;-0.23636363636363633;-0.12552411131335847;-0.07142857142857144;-0.05882366901557049;-0.045454545454545456;-0.03388155888776364;-0.02595021890945919;-0.019718519767495366;-0.018012593875324164;-0.012399558762764164;-0.002226365944944582;0.013712245888927815;0.01608752763350106;0.019601491390040214;0.028299471308479495;0.03194520101311925;0.0327382787183596;0.03373593132957738;0.03726816717837168;0.03877286028181442;0.04276839364095106;0.046511632384552644;0.04661592807890425;0.05423812329382102;0.06329115405597623;0.06795624456433973;0.07550133645382132;0.0806187691464159;0.08309727411626605;0.09093023069671519;0.09114423456376872;0.09815003132122398;0.09990113690118944;0.10322044784039383;0.10831501741454273;0.10865521148216943;0.11081327034354704;0.12063529086401055;0.12434436184267308;0.12745817761080394;0.13470089048297798;0.13594658552265007;0.13715473919531343;0.14285714285714288;0.14494275891311212;0.14909655462585186;0.15555544336873625;0.15731809855931853;0.16100582006128164;0.16823644927573325;0.1753018574942002;0.18222546348930838;0.18644333379533456;0.19123320018342765;0.20350877192982456;0.20568682653854095;0.20723315478406862;0.20927156435654443;0.21197869157950788;0.21393608022119343;0.21852510057093316;0.2265051385928214;0.2271110523999971;0.2296462505366276;0.23392555621176875;0.24067957331604325;0.2504327413381426;0.2578089243324239;0.26071942607373455;0.26124227173816966;0.26580275235795753;0.26921267437068885;0.27452937677370953;0.28921568627450983;0.2925603423944155;0.3;0.3;0.30380841006273507;0.30941313168671986;0.3107291604594883;0.31103406174520015;0.31419009349800203;0.31905857714609975;0.32863913015537133;0.3342470546396971;0.3359548882582814;0.3391217103181127;0.3504647578341455;0.3601674602845134;0.3714285714285715;0.3765723339400754;0.38114214155223813;0.3967830002623781;0.3993008958170252;0.41078129881672004;0.49999999999999994;0.642857142857143;0.8285714285714287;0.8660254037844387
11;-0.1400086427755739;-0.09999999999999999;-0.04761904761904763;-0.03571428571428572;-0.03442273964614866;-0.02721113932710045;-0.024184263372002832;-0.02076776275198765;-0.016666666666666666;-0.011279630857553527;-0.004537249607446368;-0.00368237417344793;-0.0019011466980448167;0.02253722085684175;0.026787218009723005;0.03614661067017349;0.041207419346623274;0.04212374253695334;0.04863231659198818;0.050062294746291966;0.051896886128989454;0.058219963005219436;0.06077510439322623;0.06266744902139891;0.07106475031660346;0.07272727272727274;0.08031525755970692;0.08322162042895662;0.08724098947616345;0.08976688533995833;0.09388598328724207;0.10109855795448616;0.10191456720299052;0.10264957390832866;0.10307428471058529;0.10354566239135582;0.10714285714285716;0.11226308705204852;0.11396684622794134;0.11510051331756427;0.11613216221290779;0.11683208955877224;0.11747001273551963;0.11869442008062113;0.13108649669147315;0.13118122052178016;0.14285714285714288;0.14420267080777138;0.15163388709389702;0.1542935701580826;0.15693118431510203;0.16443259470332788;0.16850418655092458;0.17411020935091553;0.18687048405936257;0.1994498029903498;0.2;0.20484207959813416;0.21182049786529572;0.2133410845976967;0.2233471788014245;0.25114472144505573;0.25121551319003504;0.2563387845323267;0.2566522313395583;0.2578326776840084;0.2598326210690982;0.26321442208393064;0.2634078489476954;0.268231209211457;0.2708653294535228;0.2710066422627327;0.2714628143125538;0.2789282902810292;0.28429502481845903;0.29086409731417934;0.2950499511469913;0.29656862745098045;0.30006264352229856;0.30787606150309316;0.3115272758641231;0.31567331680821054;0.3193913065898969;0.3201124053886984;0.3217822443733736;0.32245008218211246;0.3267267044579707;0.33065250021864845;0.3473684210526316;0.3482290445750706;0.35100138409469533;0.3568703676829215;0.37981964313364697;0.4285714285714286;0.4386934929906266;0.4928053803045812;0.5272012675161055;0.6;0.6;0.8660254037844387
24;-0.3571428571428572;-0.32224211432473354;-0.3214285714285715;-0.3;-0.3;-0.20291986247835694;-0.18560932045987757;-0.14285714285714288;-0.12435425255053152;-0.12276713866067022;-0.10041928905068676;-0.07567761529823704;-0.05577355284439277;-0.05165926628352654;-0.049661781640904866;-0.038486749425713854;-0.03322935957740114;-0.03274202008600885;-0.017247080603583015;-0.01682143158402573;-0.010672444802616716;-0.009895435177576774;-0.002672930644096393;-0.0003950434697235982;0.0;0.0035746216239853886;0.00492436554814056;0.005257547739674398;0.006134018454840122;0.008851848146532068;0.009859405451590385;0.01126663885906357;0.012582627600182696;0.03426473805356818;0.0421149221777414;0.05028274726729893;0.052710903150553684;0.05294472123131165;0.05834223266784793;0.06180352238943342;0.06494076974446973;0.07065721801978198;0.0718843206613423;0.07231255079292988;0.08870882795044636;0.0906713509376145;0.09450278232830256;0.0984543165299045;0.09999999999999999;0.11040226999514523;0.1234356879796691;0.13946594359472983;0.15257121728281636;0.15647842817220037;0.157722115298508;0.1604536452087852;0.16315789473684209;0.16480708130878322;0.16736548175114463;0.1691361203151547;0.17253084836212598;0.1788891265252591;0.18027432442012736;0.1927790414383632;0.20424867185747103;0.20628426088198284;0.20703787212215768;0.20808858794146676;0.21474799766562672;0.23443916211664287;0.2380952380952381;0.23850629055698017;0.24075530589615174;0.24474323456926883;0.2456198569759545;0.24616471756054348;0.2600419187009468;0.26332027900936406;0.26715686274509803;0.26834301845437186;0.275560257097126;0.2787669080853477;0.2859697299188311;0.2917699460962486;0.3074552741752985;0.3154731013422696;0.3157462190585874;0.32489517212431884;0.33093006243918816;0.3463874582012244;0.3599255782822541;0.37073602520944293;0.38481885350054956;0.39746839459926153;0.39999999999999997;0.42861564848158257;0.4313817631332017;0.45583352173913094;0.6;0.6
23;-0.3214285714285715;-0.3214285714285715;-0.3;-0.26668312909633124;-0.1587443845633487;-0.14285714285714288;-0.11529253468575129;-0.10041928905068676;-0.06975946627493024;-0.031983415416352586;-0.02859697299188311;-0.026541204293850568;-0.016843607166692254;-0.010508636388177822;-0.004562514083818232;0.0;0.0;0.0;0.0007703347659610165;0.0027320840641710453;0.004955142832816439;0.005656042990826606;0.006971694105549096;0.012991231604303728;0.017457581506035692;0.023324954347145252;0.03253288780711953;0.03499963447178411;0.03872907107803102;0.054466270027147386;0.058119559652864715;0.06043729158037388;0.06832922854830675;0.06969388879779119;0.08207892516876279;0.08460289875861648;0.09130097913924713;0.09390084273862516;0.0993137768958811;0.09999999999999999;0.09999999999999999;0.10072589880860232;0.10224668061344369;0.10607839107074692;0.11532946369443708;0.12224865036839622;0.12353128722737958;0.1250001417570273;0.1295353242866472;0.13792507421471747;0.14233130387530823;0.1456140350877193;0.1518434108232699;0.15217228445132197;0.16132376643418364;0.1720988025083274;0.1802897341565903;0.18296115916054734;0.19331337362951828;0.2019361241033053;0.21334930002363447;0.2138564544643538;0.2142857142857143;0.23264873026501748;0.23304948109553342;0.23489014389008808;0.23807308379249073;0.2389023190085695;0.25104822262671694;0.2525901441013778;0.2537985105536338;0.2562982927475044;0.26204074109816067;0.26607332501405906;0.27080055589018975;0.28657955174921446;0.2902646796521827;0.2961586561951357;0.30288799284278817;0.3089785871787723;0.31047014094284364;0.31530317087527693;0.33006497236258237;0.34313725490196084;0.34406377169343394;0.34495098671459;0.3505130110602165;0.35072272267974963;0.3694279238295765;0.3699752310455628;0.3806368730960912;0.3933468817583101;0.3948754528720306;0.4078518487804817;0.4498128755800213;0.4741134526585818;0.486296448260778;0.6;0.6;0.6
32;-0.3755787401439997;-0.35;-0.3;-0.28571428571428575;-0.20725776394931356;-0.18030598052135163;-0.14285714285714288;-0.09418642913120201;-0.09019629249054144;-0.08061573200834077;-0.0740563337287368;-0.06488347267732861;-0.05074944612500088;-0.048257391923802746;-0.042749472008501384;-0.04213496027004256;-0.04086724694290624;-0.03810654845991247;-0.0370796037105321;-0.014710916888686367;-0.009441532189542919;-0.0089089697744708;-0.0076557492202823565;-0.005741495002531979;-0.005405407459742403;-0.004947931192288063;-0.0023729178941046696;0.0;0.0;0.00672110305352152;0.00836827408755723;0.00872722087307574;0.011227905117989758;0.011373807640586965;0.011582699457751037;0.022703312259886525;0.026685198323201206;0.034101231420873374;0.0371060990824097;0.047435606685374464;0.05528741207975126;0.059557879464332567;0.08321063168991515;0.08741142742404644;0.09213468046363049;0.09617288198797663;0.0976616276711368;0.09999999999999999;0.11564461586161752;0.1175475079606535;0.1319796913618173;0.13541266074311467;0.14210667689825768;0.14489338224421452;0.1505541915198113;0.15143900823774328;0.15200305597327882;0.15210860623445494;0.1562809864394845;0.15865941700977437;0.1666666666666667;0.17705394633608298;0.17751923750346438;0.18070175438596495;0.20015056458304417;0.2035840766647584;0.20828370499743729;0.20943147772372675;0.21564834644070774;0.22449421072591091;0.22549019607843138;0.2294246013873953;0.24117374976190578;0.24132320067471305;0.2433935080171997;0.25104822262671694;0.25449881359847154;0.25802095274507897;0.2612811534763173;0.2641763428158037;0.267620740477404;0.2713875501740385;0.2895443515428165;0.2944389427060835;0.3;0.30352605328502785;0.32804829026039356;0.3354739722832826;0.34715791503796245;0.3515977348464995;0.3714285714285715;0.3738641947154416;0.3753848970880392;0.3793673970535713;0.39999999999999997;0.4039224077934537;0.4106809576371351;0.4251630819909808;0.4524541162612937;0.6571428571428573
35;-0.406060606060606;-0.3;-0.28571428571428575;-0.26666666666666666;-0.22695002278608958;-0.20291986247835694;-0.1706220276033251;-0.11172288946808095;-0.10198116809378427;-0.08571428571428573;-0.08398080192970504;-0.08368710893036357;-0.07531446678801507;-0.06997448856258595;-0.03699260879940576;-0.03607241161860212;-0.03479839163927746;-0.03360929722333664;-0.031953504924435265;-0.030936892593374114;-0.022048831126993858;-0.014719045181936076;-0.006500172578721883;-0.005112849699629393;-0.00488807494801565;-0.0033129916688743764;0.0;0.0009225744303511509;0.0022080920281275966;0.0023729178941046696;0.006995788080081313;0.007149243247970777;0.010094949373688149;0.010675719403862255;0.011582699457751037;0.014487619507083561;0.016229535953103114;0.016440057134068164;0.018100428866787626;0.023809523809523815;0.0378482210640579;0.04024615852152884;0.04172398177499272;0.06581834771398959;0.07058824183451252;0.07379526441077516;0.08824309181903336;0.09020851989644658;0.10028398798116821;0.10311954744943098;0.11219711157955539;0.11523847605429173;0.11803340421741974;0.12324786116249184;0.13279045975206225;0.13826618424536422;0.15192182532853737;0.15880830304249965;0.1608661224458258;0.16088738733072241;0.16221570744351557;0.16581306630854395;0.17719298245614035;0.18962761172082346;0.19779639562796414;0.19999999999999998;0.21030440884185075;0.21192049077130806;0.21261535581513863;0.2154252411218816;0.22068915370524791;0.22549019607843138;0.23247788814002238;0.23545750729240641;0.25104822262671694;0.25133893356983955;0.2521466681641648;0.255310821296105;0.2614491930030823;0.2638059588791534;0.2644807303987577;0.2702151076761762;0.2823951082948457;0.28586481807995173;0.3;0.31171879043379336;0.3129255191052779;0.3259159143247321;0.3359719884182309;0.3409781215206568;0.36571892585531424;0.3714285714285715;0.3743665776887538;0.4004099357956487;0.4153882482115238;0.44675740417008236;0.4485592983900748;0.45360446002188193;0.5428571428571429;0.7
7;-0.2142857142857143;-0.19999999999999998;-0.1600098774577987;-0.14285714285714288;-0.13586301008216786;-0.08333333333333334;-0.0444744504383442;-0.01503001874793669;-0.012929247754714478;-0.007570020488578452;0.011391353435961194;0.01924293812528488;0.020503711689756256;0.02071729589512949;0.03258425440616352;0.03637544849205044;0.03867809372197744;0.03915667091183988;0.04826678832359237;0.05350907793624987;0.055615140388805294;0.06318097783153868;0.064343189231737;0.07166694374555235;0.07619119011588125;0.07754572056362884;0.08717933947929708;0.09110906422692137;0.09731341186726221;0.10125852398043074;0.11310019740644;0.11939090210297221;0.12507888492277022;0.12658945863125354;0.1272727272727273;0.1321816933859232;0.1364427789110185;0.13928495982501915;0.14162921333948233;0.14285714285714288;0.14379923416512494;0.14693188474123953;0.1483843287140856;0.15211148239368624;0.16090830774411968;0.1718578926735453;0.17344274598541218;0.17412587094228488;0.18221454178809068;0.18416987469700183;0.20082112124788132;0.2018552320180486;0.2033468819368339;0.21516812810877214;0.21697391849027745;0.22424242424242422;0.228931380446047;0.22946935609068808;0.23541059982656523;0.23628514218143684;0.23967275152599865;0.24415658112663666;0.24499466221726496;0.2456140350877193;0.2461090808292607;0.2546237263283127;0.2658028696229067;0.2786256955996;0.2801018612776348;0.2902909305462184;0.29103566609737236;0.2922940882898316;0.29411764705882354;0.297386118986055;0.3002171633467;0.303736879973592;0.30431664732866387;0.3115174241521579;0.3188740696088466;0.32462625618904123;0.3327424456635984;0.33350552085965535;0.33730655238834834;0.3505432536080116;0.350960464111705;0.35513397041632944;0.3570423332904458;0.3682839157036402;0.3757236384036427;0.3783307168922982;0.3842296877507095;0.40188485211964164;0.4128687975703124;0.4285714285714286;0.4518868007280905;0.5098148109756021;0.5428571428571429;0.6;0.6;0.8660254037844387
0;-0.37113402132572754;-0.3173634616682283;-0.3;-0.3;-0.25854617155747095;-0.24038249073435403;-0.22570859666715198;-0.22150049885337855;-0.21428571428571433;-0.19132158113753597;-0.1897098476065845;-0.18275631221749133;-0.17366488736647237;-0.16980775314788588;-0.1666666666666667;-0.155120657843058;-0.14971159893850067;-0.14362977716650335;-0.13676534551546599;-0.1355230147894949;-0.1215908643318893;-0.11595420713048968;-0.11525706172860606;-0.11522080919983864;-0.11249616458520746;-0.1102232740478863;-0.10821723485580635;-0.10639756168328976;-0.09873300913020419;-0.09742924118513693;-0.09601995988182631;-0.09380997462391656;-0.08579091897564933;-0.07589678401071638;-0.07465837990434479;-0.06694619270045785;-0.0623145705423261;-0.05988161589612251;-0.05726104540088178;-0.056185902710995834;-0.049999999999999996;-0.04601156286218803;-0.0430013205064732;-0.03925078715182952;-0.036848265212956983;-0.035598681309314754;-0.02265923009816653;-0.01211250127719707;-0.011822105668835367;-0.001224745483764484;-0.00120880947697306;0.004941422804289056;0.007057781670507948;0.008198529593654604;0.011525601199936966;0.013662248810750703;0.023606421700428037;0.023766331587143464;0.025686867741759763;0.030108035648898735;0.03048360637196384;0.03552599259037154;0.04543982094963867;0.05217762864653788;0.0648015287867556;0.07319119886723062;0.07506705410369317;0.0760693860709623;0.0804807176210455;0.08229302954681117;0.08349856430517695;0.08737168234841934;0.0899904544294864;0.10255235080959749;0.10539215686274511;0.10715758132868733;0.11674946870117732;0.12367290302689361;0.14285714285714288;0.15269500900551736;0.1566970825412847;0.17569565670714604;0.17898669858845995;0.18953061478622313;0.1975923678642138;0.2049368036202723;0.210761831416032;0.2157894736842105;0.241835230847401;0.28533413912160516;0.3;0.3236083357949762;0.3275821468657343;0.3714285714285715;0.39999999999999997;0.418127444759604;0.4285714285714286;0.4530448913739755;0.48535989707831934;0.8660254037844387
9;-0.19999999999999998;-0.1785714285714286;-0.09556145459285201;-0.09090909090909088;-0.07142857142857144;-0.0396985735160845;-0.02440092936942184;-0.017472105529349503;-0.012193551001579874;0.0;0.001304786470659259;0.002245581023597952;0.004452945829909548;0.006118235737344229;0.0071500122815560275;0.016917971053416667;0.02418398702195221;0.028391286311622594;0.035746216239853884;0.036364705199414586;0.04526944088053984;0.051416777035887144;0.061871585556086836;0.06232295558719954;0.06257405134417028;0.06845108162254918;0.0801198921337744;0.0843374450408859;0.08676931386750296;0.09118037018397733;0.09503938486629804;0.09654834202823086;0.10547196348964778;0.1096676804982533;0.11666666666666665;0.11695095335230156;0.1281703784887199;0.130397463150102;0.13275555532345418;0.13556352949130984;0.13967211284798564;0.14285714285714288;0.14441154443142237;0.1450694569650293;0.15719390241207512;0.16264910358902968;0.16442900756571247;0.1706762696149629;0.17528511138680247;0.18142759089081975;0.1830327325386732;0.1832601784836599;0.1969380342543645;0.19761578181342704;0.2;0.2169944085155121;0.21926420438658553;0.22408489679278068;0.22809389358730664;0.23755775460970052;0.23852462556425802;0.24858674266936484;0.2515884346696602;0.25171248236042854;0.2556461344859358;0.25801374464310656;0.2596460425580706;0.26265638916841044;0.2718286137553506;0.2771929824561403;0.27888193346419343;0.28057733834771276;0.28472097233949173;0.28686417654850455;0.2920785993767906;0.2941048310140633;0.30984803233586394;0.3100739371109446;0.3121570708215692;0.313314163472049;0.3137254901960785;0.32300453869355833;0.32621518029676366;0.33473096350228926;0.33714523731760365;0.33749400694787773;0.34922409281197425;0.35605323410283146;0.35751789138589407;0.35758936033916616;0.35906963329773;0.36674396373453894;0.3714285714285715;0.3899497715472236;0.44314672030956176;0.473637365178064;0.4928053803045812;0.7;0.7999999999999999;0.8660254037844387
38;-0.33333333333333337;-0.3214285714285715;-0.3;-0.28571428571428575;-0.20291986247835694;-0.20217168385239787;-0.1713393574491048;-0.12347581627606313;-0.10015594033304491;-0.09758642724048756;-0.09678467545206276;-0.09551211727075155;-0.08631215137330613;-0.07531446678801507;-0.07033985246372187;-0.06970512166771509;-0.06515748228753598;-0.05454976359035837;-0.053157815059670196;-0.03395529490960967;-0.021500313722389527;-0.01491548390580078;-0.01462545910564814;-0.006995788080081313;-0.00677651524076778;-0.0020071425248094645;0.0;0.002954619328884336;0.005368714382289111;0.010960480194415105;0.0124736763391165;0.014710916888686367;0.02567457069083944;0.028543171499073924;0.029772058087056717;0.0351870729287663;0.03523586903288518;0.037747858957038444;0.04526944088053984;0.04575174256766595;0.054412402803128326;0.06324371715171599;0.082948376220138;0.08416310298213132;0.09776404782223042;0.09806234402310064;0.09949564884805956;0.09999999999999999;0.1017990444643039;0.1040239022183697;0.1116145737585687;0.13184777597557526;0.13339350452841128;0.13342090683399913;0.14285714285714288;0.14505713723676716;0.1466312699096952;0.1561550491799717;0.15844207534263768;0.16056833675711257;0.16507220362654257;0.1681504284475466;0.1686748900817718;0.17654025745336777;0.17690471087956422;0.1789473684210526;0.19113566651048983;0.1991207297043518;0.2016891300707207;0.20309609812393678;0.22549019607843138;0.22694463212392013;0.22781792410094587;0.23905926433792785;0.2439334439363367;0.25063282790430585;0.25300680528843306;0.25770933930171486;0.25826667604525766;0.26621345446738015;0.2706755052976856;0.28368801207571903;0.2902047247198811;0.29129062710621656;0.2928895930645031;0.3;0.31083076008842664;0.3165622226592177;0.34767655542960246;0.3699733380824878;0.3714285714285715;0.3714285714285715;0.3756150392602469;0.39650476050396216;0.3974840319900539;0.4012113724489002;0.44314672030956176;0.4523809523809524;0.46051641218699113;0.7
36;-0.42857142857142866;-0.4244706471449938;-0.28571428571428575;-0.26666666666666666;-0.23265556135634755;-0.19577981005174327;-0.14285714285714288;-0.14239191794951495;-0.12536538498153096;-0.10050934873224408;-0.09475711992850182;-0.09216537160929494;-0.08696565534786727;-0.07531446678801507;-0.056209283725989594;-0.05343464700228434;-0.044501646864363344;-0.044406024027582106;-0.04395091755405594;-0.03867809372197744;-0.038289920426122594;-0.03274877182856431;-0.023881070405712333;-0.017873108119926942;-0.0163529805897312;-0.015707524179805213;-0.015388092690205895;-0.012511404116867362;-0.010000153982298251;-0.007868629963715963;-0.0036219048767708903;-0.0003154417183039424;0.0;0.0006024462164818929;0.0019081916499044667;0.0046493008700756394;0.006279777807194502;0.008369663163472109;0.023809523809523815;0.02405637579686754;0.027705887314865913;0.042586929467433886;0.059932648433750985;0.06475910958496596;0.0735645170466779;0.07534770335190993;0.0816147511653471;0.08350455866929897;0.08713856766161367;0.08939367747403437;0.10683432714079205;0.11166033806778948;0.11508114913432153;0.11777269727466295;0.1210388982343073;0.12348111574322361;0.128185715105589;0.12891724753158565;0.13410715926147004;0.14231856721837732;0.15232450577013046;0.15277614005548731;0.16617759784725603;0.16901553049900184;0.1867736862740838;0.19824561403508772;0.19999999999999998;0.20473491390130577;0.2067671945129973;0.20733752186260865;0.20933432250097733;0.2195442104775812;0.2220942603819072;0.22549019607843138;0.22960961853328632;0.23904222609443093;0.24007249548508197;0.24530971164859786;0.24744733501043326;0.25104822262671694;0.25834066635386943;0.27465492583061935;0.27542768074546004;0.2816690550201823;0.2863034064772579;0.2932337459067138;0.3;0.3020555272267654;0.31301876791435324;0.3189106425537087;0.33504097430002294;0.3714285714285715;0.3719174292526814;0.3738641947154416;0.3905496399707942;0.40890806281830533;0.4188546650821032;0.43759451554053963;0.5428571428571429;0.7
31;-0.36224458368918316;-0.3214285714285715;-0.3;-0.3;-0.26666666666666666;-0.2464140600800553;-0.16431977252968874;-0.14285714285714288;-0.08184475910711347;-0.07531446678801507;-0.050975037591029504;-0.047743010425514376;-0.04495354837813448;-0.04458559360167961;-0.04400688914678047;-0.039869737025864174;-0.03485106132581711;-0.03156248572192757;-0.03054312243363015;-0.021588558457943805;-0.016779919394025875;-0.013507657329501373;-0.012710130211578338;-0.009899700113322613;-0.0067584879556297425;-0.004184831581736054;-0.002751537774731502;-0.002444037474007825;0.0;0.0;0.005739747774634778;0.007149243247970777;0.008096337436467854;0.009344514582068898;0.011756922746185587;0.01293491849321655;0.01774455394476412;0.01830567554732212;0.023264428989919483;0.024915157539364248;0.0376985283950033;0.04365786718690775;0.05528741207975126;0.061286874328835464;0.07718973137267923;0.07768847620975115;0.0788736747259792;0.08219904443416806;0.0933735998666951;0.10785343880253809;0.12050942745963852;0.12153627599763454;0.12274297792576525;0.12456812558625482;0.1273709126913205;0.13487631498991967;0.1364985830927143;0.13942578590388374;0.15879303809903741;0.16083283368114115;0.16450738422360345;0.1901278059627142;0.2057572412724333;0.20976239775140215;0.21802830104273344;0.21929513181912547;0.22265383366484529;0.224211413397451;0.22549019607843138;0.2317087305283101;0.23206139799570893;0.23508771929824557;0.23656460568479437;0.2380952380952381;0.25104822262671694;0.25873861883044574;0.2643749592608258;0.2663277092921016;0.27028572688677016;0.2705002360103515;0.27658420469358763;0.2874122902591629;0.2920771494320135;0.29786516365635574;0.29977743702564913;0.3;0.33065250021864845;0.34767100684262986;0.3516594966691026;0.3552009359069464;0.3572567128004715;0.3714285714285715;0.3754539397397016;0.39999999999999997;0.40567656264571933;0.4235384583489617;0.43029626482275674;0.43130869341425504;0.4405849108631401;0.6571428571428573
3;-0.2727272727272727;-0.24668189441410632;-0.21428571428571433;-0.1666666666666667;-0.1344592471045436;-0.08405073390928589;-0.06005648348473003;-0.03333333333333333;-0.012194607378255666;-0.008936554059963471;0.0035013853264105896;0.011695095335230157;0.03032227837712058;0.034960546708194845;0.03571428571428572;0.04504654664148699;0.045927955641168146;0.046819793766295595;0.05271031676364434;0.05295224929839041;0.06769114683150919;0.07114584481441184;0.07531446678801507;0.07935474080645857;0.08875155228793567;0.09312843070913474;0.09465336926207919;0.09522333410847046;0.09617438647023929;0.1017990444643039;0.101830901822244;0.10376070600487644;0.1041396807016396;0.11176307259561026;0.11295193532261504;0.11928952644844483;0.12030840579800907;0.12951650160824402;0.12982456140350876;0.13339240536984806;0.13340371212292712;0.14285714285714288;0.14285787177717765;0.14315186171678027;0.14900879619135216;0.1567132838480564;0.1576682855322539;0.1657637743579507;0.1683769562479051;0.16838268507058923;0.17106756122216915;0.1737661880847865;0.1835549527903526;0.18396245164808614;0.1950632471873298;0.1998022738023789;0.20183765489883876;0.2068183987546332;0.2093771463483924;0.2104525529570469;0.21246532894507367;0.21861106725280438;0.21870534631250266;0.2260745528059991;0.22892486655752134;0.24052801338336102;0.24517942291482894;0.2470019537857553;0.2503170421449191;0.2599423899282868;0.26226928818803646;0.2713692712893563;0.2859697299188311;0.29763274314752675;0.3;0.32529191585238976;0.32843137254901966;0.32878349606352925;0.3322458888026746;0.33582331002270094;0.339564156328885;0.3451396129079629;0.35092333541979726;0.3530576132399558;0.3836654311922081;0.39020415991184954;0.39832266680996387;0.401677156202747;0.4061313402634291;0.4078438203237325;0.4285714285714286;0.43800519068703686;0.44578605769198903;0.44671389292827746;0.4674984687665446;0.4730572349730026;0.4928053803045812;0.6571428571428573;0.7;0.8660254037844387
4;-0.19999999999999998;-0.19660418931919638;-0.18172117027727133;-0.14285714285714288;-0.11222756117130624;-0.10237321656199505;-0.08333333333333334;-0.07318165262170448;-0.028571428571428574;-0.018235873398677195;-0.0074654539998599695;0.005402219448470207;0.023809523809523815;0.030372482017468602;0.06625528118194901;0.06820001759674334;0.07055470699949692;0.07057422366113476;0.07283527523403592;0.09411787042491279;0.09995645352186133;0.10084901049944844;0.1058894424626233;0.10844316247242107;0.10865103005448479;0.10968528710197624;0.10998168633035213;0.11548365895711336;0.11786914343734804;0.12035232370172358;0.12310002093263492;0.13690216324509835;0.13701184956838497;0.1458969497759645;0.15553624045452336;0.15610646909936965;0.15667042716032673;0.16086585175616708;0.1615493185770705;0.1703530988977591;0.17045796465433685;0.17229123961556783;0.17272727272727276;0.1801190091729484;0.18354123756128568;0.1901796131403656;0.19669877122496568;0.19876843517039022;0.19940521132147593;0.21061404812359466;0.22280701754385965;0.22596391785414616;0.2283682161560991;0.22947587882253417;0.23069169373491272;0.23560403155978077;0.23725091500664994;0.23970880776191755;0.25561466486068685;0.2660691173787128;0.27066491448664587;0.28009912555931;0.28398534497737554;0.28512470219769165;0.2893408836922773;0.2909499576662199;0.29237554006137123;0.2981038357812466;0.3;0.3;0.30147058823529416;0.3057232382732114;0.30582573439738914;0.30907076955877105;0.31213763024969665;0.31530317087527693;0.319237319353549;0.3233328077138238;0.331400189885722;0.3395890542786119;0.344845834431673;0.3451735405991246;0.34631398868210356;0.3503649230152447;0.3571428571428572;0.35937874676080134;0.36773107641041175;0.3905788990088502;0.4002116076405716;0.40275015443281786;0.4090381103849668;0.41794740718177326;0.4362344874197647;0.49090909090909085;0.4928053803045812;0.5428571428571429;0.5908622937460825;0.6443571047419068;0.7;0.8660254037844387
12;-0.13464084241341692;-0.10714285714285716;-0.09999999999999999;-0.08333333333333334;-0.07142857142857144;-0.03883771703958882;-0.02846806845074747;-0.011327870591993265;-0.0035064898231310817;0.007886321609511596;0.009740473620088072;0.012511175683948862;0.026818513550860776;0.026914149276119088;0.03192117813719866;0.03260490033940247;0.03949100862839376;0.040855087009975644;0.05640398051218762;0.062352312984745945;0.06465961144097031;0.0800209401572841;0.08457757351130214;0.08571428571428573;0.09090248390930322;0.09099905539514286;0.09176205828667451;0.09444354942473922;0.09524865195476905;0.10044895714984678;0.10387159264533258;0.11438539656745217;0.11637263766852339;0.11749882871134225;0.11961839874176788;0.1199899255890594;0.12112270959270059;0.12727272727272726;0.12739619897006857;0.1325641132952507;0.13455657501944537;0.13613912728444058;0.14061986910500096;0.14246027425201366;0.1461780537870113;0.15662668364735952;0.1631187760971537;0.16782221297051686;0.16935997913335324;0.17272727272727276;0.1998676232862418;0.19999999999999998;0.20374864782970803;0.20534047881856754;0.21805578975726914;0.22669699149510003;0.2382129965921921;0.23886727154300388;0.24303337661311564;0.24503084053236715;0.2492441079317899;0.2547590868291809;0.2578063065199712;0.2636170481918984;0.2646402182174271;0.26622720198524713;0.2691799936739954;0.27097662889033736;0.2719269782955098;0.2723817888510927;0.2728530650016872;0.27941176470588236;0.28596491228070176;0.28635069111019174;0.2922456541058858;0.3082053957505758;0.3106813103550576;0.3139326682711685;0.317582497573182;0.3182573982104753;0.3214780153845449;0.3250929002580477;0.32642893430904474;0.32971079825258953;0.33256452236407663;0.34461138772502026;0.34880347619804564;0.357159996469637;0.37303260877903816;0.3730819942513932;0.37712258133045856;0.40298230338577556;0.42615289327704176;0.48571428571428577;0.5188329934285483;0.5428571428571429;0.6;0.6;0.6087595874350709;0.8660254037844387
15;-0.2333333333333333;-0.108787563138244;-0.09999999999999999;-0.07878787878787878;-0.07142857142857144;-0.056209283725989594;-0.048026089194522795;-0.02095627906599398;-0.003310778763235393;0.00046027266905005246;0.003505031826449598;0.006857259251250535;0.013605569663550225;0.023809523809523815;0.02613297800511434;0.031132405508615336;0.04697231294373334;0.04726201310905699;0.049113030129013274;0.05614862585810174;0.05719394598376622;0.05752332500821035;0.0650413123396789;0.06581834771398959;0.06750100424704156;0.07222950211971625;0.07368902571627772;0.08149112313851156;0.08571428571428573;0.08626774318230039;0.09050986824656382;0.09090909090909091;0.09353686755098682;0.09982255453182198;0.1023652488319719;0.1036030925767679;0.10454981430356251;0.11177057890925157;0.11527710085736909;0.11944206806204989;0.1281681174671501;0.12817034220706303;0.12951821916993192;0.13183505036471083;0.14043386425112003;0.14160069822515897;0.1455497348655357;0.14889387938195006;0.15001540562572807;0.1530290549420548;0.15343706970306906;0.153657911065969;0.1718234003393034;0.18137254901960786;0.1829677401963859;0.19234378270724203;0.19648072855045678;0.19983013852737921;0.20307569010267143;0.21186445136290669;0.2137095493379346;0.2157894736842105;0.21619516250530205;0.22848847162496014;0.2463266176137626;0.2508359092032379;0.27126220850615534;0.27376799078199965;0.27898199832785986;0.28113968462303457;0.2815955595448803;0.28475220393860734;0.2960044712622013;0.2991011452812475;0.3;0.301287389006063;0.30698393880431474;0.3095951450956959;0.33609219920942535;0.3372621057223214;0.34149825661354183;0.341517967534028;0.3440057418382961;0.3451669636299956;0.3479254667665053;0.3552009359069464;0.35776905110662716;0.3586431909181262;0.35875400425780724;0.3775252192895711;0.37890989214245124;0.401677156202747;0.4058397249567139;0.41793609959116157;0.42340335721153805;0.42493610022747624;0.5428571428571429;0.6;0.6;0.8660254037844387
20;-0.3181818181818182;-0.3;-0.3;-0.2727272727272727;-0.22001358150447323;-0.14285714285714288;-0.14285714285714288;-0.10004388852526419;-0.07823314533825122;-0.05918578190099398;-0.04675368484383623;-0.03919946700767152;-0.03254287397629261;-0.03224408523816457;-0.02656304384267706;-0.007400898602563185;-0.0008909768813654644;0.0;0.008044341841958569;0.010491036908620788;0.025940300772218254;0.026719752683429878;0.03016566098501406;0.04171091964026856;0.04293933657987744;0.04566036517653283;0.045828959726036476;0.04741799535570861;0.04863231659198818;0.04872601792900375;0.05274859769323509;0.05692185871159989;0.05698980377357893;0.05763855042868454;0.06010200719510054;0.060768567607751615;0.06761317478140452;0.07115281414711903;0.0798396693201987;0.08622074921564946;0.09892887903539732;0.09999999999999999;0.10810472523748293;0.118800318848891;0.11904761904761905;0.12348812833307495;0.12485420705952485;0.1278281335698853;0.13445554049066172;0.1349341187203978;0.1381300049012894;0.1443300534335685;0.1487085504288202;0.15060258043015337;0.17238215665142365;0.1724330741172444;0.17716757461554067;0.18729435262963387;0.18810616010731282;0.19009736059502516;0.20355599567829372;0.20771523514108697;0.21304605105796254;0.21703371853719355;0.22022400751434992;0.22586300129016446;0.2323137590161616;0.23421222301081351;0.2543859649122807;0.2583086760774906;0.2726920735899779;0.27336498570410367;0.27407679707860927;0.27696078431372556;0.2847533249752425;0.2877570407308238;0.2929273902036979;0.30070480928284393;0.30125786715206027;0.3096630909764962;0.31160177234742664;0.3317216783009996;0.33266066706554065;0.33489989467310544;0.33835502157981434;0.33852106012336197;0.3498762527442583;0.35232769671717273;0.3527609433632765;0.36226635537201635;0.3714285714285715;0.37792907351303884;0.3784746321754203;0.4033927768295094;0.4143879361006817;0.425016786800701;0.4457435825267312;0.6;0.8660254037844387;0.8999999999999998
27;-0.3571428571428572;-0.33779863018868617;-0.3214285714285715;-0.3;-0.19587928988634193;-0.12332949562798902;-0.10041928905068676;-0.08571428571428573;-0.06950308908302494;-0.048922351513538374;-0.03883608359687924;-0.036601394054132756;-0.02303682267522164;-0.017544868099099307;-0.015831935608494805;-0.014984516126044827;-0.00981269678795738;-0.005593306464675292;-0.003795742460099663;-0.0035746216239853886;-0.0005939313182980533;0.0;0.0;0.004533567546880725;0.0065719346745929975;0.007287800963902171;0.00855340043318014;0.013884606161092529;0.019348630002561953;0.025838329559598465;0.02727823451971041;0.02770960394317842;0.027765258388320658;0.030115807312587502;0.03209007720819008;0.03357801758138344;0.03695888042307109;0.03864161049223295;0.04221310433816621;0.042349143598815045;0.0466147049134534;0.052252048211816046;0.07142857142857144;0.0742692542652248;0.08961843868817007;0.0905725439064731;0.09302326476910529;0.0981107170951498;0.09999999999999999;0.11375621906719358;0.1196056692762595;0.12067266041529816;0.12322033305168481;0.13117344752466328;0.13602983272785665;0.15210860623445494;0.15414174701131134;0.16736548175114463;0.16962751690027847;0.18821542834669636;0.1905644835127475;0.19200708943359115;0.1979647955080838;0.20032691948083448;0.21052631578947367;0.21274890314228573;0.21944807879149644;0.2210196656485055;0.2268583353619444;0.22717654575972143;0.23025215094772297;0.2331723863869057;0.2469992685297847;0.24939557622423578;0.26229296243996825;0.27030498530726144;0.27487998573706574;0.2805817895664444;0.2879587946541459;0.28921568627450983;0.29182806999322597;0.294651947493837;0.3;0.3002887766392048;0.30108035648898734;0.3020555272267654;0.30742268293123304;0.32370907492031753;0.3271394174818699;0.33442587691082243;0.35977997343278045;0.3631739731685109;0.3714285714285715;0.40096504514862374;0.41046628370856175;0.4268907152281306;0.4385637214206049;0.47968246896843947;0.6571428571428573;0.7
29;-0.36224458368918316;-0.3214285714285715;-0.31666666666666665;-0.3;-0.3;-0.1914452713403129;-0.14285714285714288;-0.14121150392635554;-0.10041928905068676;-0.09955527475831936;-0.05131536483699972;-0.04775605863537578;-0.046141994280586525;-0.031648109310631924;-0.027876979511242562;-0.015085855484770552;-0.014298486495941554;-0.008715646550776886;-0.008305212629366343;-0.007316247851077198;-0.006714759584784239;-0.003092088186951634;0.0;0.0;0.0010462078954340136;0.0019789919510618506;0.007299663906328491;0.010350393099882504;0.010924036087208126;0.012803350425165456;0.013158824769745359;0.015389809923060499;0.017139000027847535;0.02091508231664729;0.028885833536533425;0.029799443359117418;0.04053028811062977;0.04210672448199885;0.051157060033536476;0.0520255219912446;0.056324382111001874;0.059695451051486104;0.06103958840932182;0.06961341844732628;0.07494618757232971;0.07741433881792324;0.08841509010955086;0.10348126237390969;0.10843385790971045;0.11408513603758197;0.11523060919242799;0.1382832273138255;0.14591949995046796;0.15460909157642977;0.15825922677416152;0.16210355415694752;0.16679587025787482;0.17151435843357973;0.17773784171835333;0.18069306524634943;0.18359161111131037;0.19639170654675708;0.2142857142857143;0.22412842352890056;0.22456140350877193;0.22769634374905742;0.23193773085049404;0.23204295881292256;0.233706706512086;0.2338664503380111;0.24163504540568614;0.24218669127382655;0.24687908864043348;0.25104822262671694;0.25488915731145134;0.25980392156862747;0.26646069923682;0.2805502388720369;0.2856677266024305;0.28894030604551346;0.2924471928172889;0.2952547169804322;0.29843685695595346;0.3;0.3127793920987215;0.3154401752221021;0.32287860383202655;0.3628840585094006;0.36388239403883743;0.36850253411212636;0.3714285714285715;0.37334037150952465;0.39999999999999997;0.40228851701912366;0.4241377365888373;0.42619959033934474;0.43104414864022633;0.44968280762976187;0.463123382127037;0.6571428571428573
5;-0.25;-0.25;-0.2380952380952381;-0.11111797045680466;-0.08571428571428573;-0.06217061950128196;-0.03534785165967811;-0.03402192982841076;-0.030614289814127008;-0.02875823818539002;-0.006246624865004398;0.03572588691183525;0.043373236266792084;0.04613942839595511;0.04656470397357636;0.07523392812889286;0.08571428571428573;0.08574322671419421;0.08621479919779852;0.08827948089401312;0.09294640898938183;0.09329721560305565;0.09516336421781633;0.09844337455063279;0.10020553643432083;0.11173551721143715;0.12118830673463134;0.12131611910901628;0.1289031532599856;0.12924804860032893;0.1303615594123574;0.13701184956838497;0.13941024333543017;0.1404124751231778;0.14149378368648705;0.1460845030172488;0.14648482193388998;0.15905480704021868;0.16482901028570393;0.16934660139301747;0.16994062166071852;0.170296492843956;0.17390391769956012;0.18181818181818182;0.18892195196165532;0.19004976350622874;0.19382422996229984;0.19396917897792743;0.1940326549456471;0.19919205662250106;0.2;0.20085488583466685;0.20863178447093741;0.21428571428571433;0.22848847162496014;0.22946073937130404;0.2319310209838471;0.23539139648472948;0.23920142843302963;0.24062781594982313;0.24406577992202375;0.2524359296618414;0.2636722595490648;0.26432732707388834;0.26849062043893424;0.26900359575211386;0.273073398359315;0.27709381010465944;0.2808040071943448;0.28330463818964147;0.2868366951133602;0.2908537825538144;0.2914753389813632;0.29176357218193166;0.2963884070710051;0.3040485126168425;0.3093608332963457;0.31127450980392163;0.32144405996947106;0.3267402324857486;0.32734963392632555;0.3443511658508135;0.35262075640759205;0.3526993065283704;0.35757575757575755;0.3620405571372492;0.3812583674739806;0.40250979267915776;0.4057195543223416;0.4128742860074826;0.4219506525146449;0.4237147532516639;0.4267819784654187;0.4548623395345833;0.484977679158842;0.4928053803045812;0.5428571428571429;0.6;0.6;0.8660254037844387
2;-0.10714285714285716;-0.09090909090909088;-0.08176851848118269;-0.023809523809523815;-0.0054105953433662155;0.0032999000377742045;0.025217268678212033;0.02625557660650465;0.027888667551135855;0.03012051608603068;0.05940542518594536;0.06522348015011355;0.06697625254896074;0.06871711119396125;0.07142857142857144;0.07470947450963353;0.07543859649122807;0.08486224430916417;0.09999999999999999;0.10041928905068676;0.11486976127836777;0.1186792119854943;0.12944620251113836;0.1316151801348486;0.13231659048858108;0.13959631768367234;0.1469044859789437;0.15294444329268064;0.15356168657563074;0.15501313650680634;0.1555774424414797;0.15868360945570503;0.16253484037331437;0.16371493397945988;0.16855102481373985;0.1773315850325305;0.17937483267208768;0.17957232159917672;0.18317636562068257;0.1836894247378107;0.18887625562049748;0.1915023778903512;0.19223511089558581;0.1935636772561103;0.19607733513150816;0.19832754354020737;0.1989378144773539;0.20455730935505773;0.20482566693490153;0.21524314473751213;0.21971590498984728;0.22596475288760573;0.23799936577241404;0.23916829798764833;0.24486158124299912;0.24769157301959907;0.25010972131316045;0.2504924974072617;0.2571428571428572;0.2654500772433977;0.2665070757275972;0.27596452668744414;0.2833333333333333;0.28343464098378723;0.28540372744591613;0.294698807047042;0.2986594125439309;0.3;0.3;0.30059874368478995;0.30254058438599846;0.3185045032459914;0.3250252733044667;0.33237750667116134;0.33289396286820877;0.33630788082363033;0.33994644301568794;0.3401118814290029;0.34529304646755415;0.3555685157536265;0.3602252241379718;0.37254901960784315;0.3780267716828485;0.3852625973950309;0.39393076274411154;0.4019921604864989;0.41153805782666497;0.41597202618630513;0.4185759449101615;0.44588841419006703;0.4491312711754851;0.49999999999999994;0.5108008299069612;0.5209353552060716;0.5400516213026748;0.5428571428571429;0.6;0.6957252427829381;0.7698812160552653;0.8660254037844387
30;-0.42857142857142866;-0.3755787401439997;-0.3214285714285715;-0.3;-0.2242765704274544;-0.20291986247835694;-0.17892255867591927;-0.14285714285714288;-0.11951933075959431;-0.10041928905068676;-0.09419773033583295;-0.07595147612730682;-0.07513462566974365;-0.060613262409716484;-0.05302772366852063;-0.0518519749100214;-0.04548252126250829;-0.0345613655574433;-0.027081517913065865;-0.02466294384993197;-0.023235040555905025;-0.021737886249708748;-0.012946982951146135;-0.01202583862720886;-0.009590239041478458;-0.006929391109876962;-0.0011150791804497026;-0.0008474706764659535;-0.0007968190728895958;-0.000791976009065809;0.0;0.00488807494801565;0.008987642684743974;0.013364653220481963;0.01462511848968413;0.02213349390099329;0.024242651400507673;0.0282397261067334;0.033393353873328174;0.04425241299248814;0.054867800209605806;0.06111772868839842;0.06916600601448482;0.07306044478825173;0.08336990710438683;0.08561536777470034;0.09999999999999999;0.10196287804884269;0.11506094332739997;0.11719646269274053;0.1201263714282983;0.1229183581361022;0.1428399793230384;0.14397323124986328;0.15062868427157483;0.15232450577013046;0.15706511817166985;0.1582314358422769;0.15875256343854724;0.16433527414606694;0.1656628384731687;0.19049312395095175;0.1979890737794779;0.19824561403508772;0.20702917134896115;0.20941313257142039;0.210043850465609;0.21248474810145407;0.2142857142857143;0.21804353873070847;0.2238489366471254;0.22549019607843138;0.2319995644231015;0.2349252905870624;0.24069035149854573;0.24900219085596387;0.25104822262671694;0.25141839432843605;0.2522478607670199;0.25681232289869377;0.26877267827576956;0.28726360820033703;0.2895443515428165;0.2978250400856333;0.3;0.3087368074265678;0.32014647904892085;0.32564703588348753;0.33350967303380963;0.34378568984586816;0.35724532141239673;0.3631643477438084;0.3714285714285715;0.3977225779058663;0.39999999999999997;0.4130807186366417;0.4186364989853535;0.44043629985618565;0.44931609688901625;0.6
37;-0.3214285714285715;-0.3;-0.26666666666666666;-0.25;-0.21482167793959836;-0.20291986247835694;-0.17615571498505456;-0.1298172543020475;-0.10602721275010035;-0.10022662201288474;-0.09489356150249158;-0.08639169016861979;-0.07531446678801507;-0.06970512166771509;-0.06484284330226144;-0.06276209052029853;-0.06185886931534394;-0.048286546478173945;-0.03722889362125354;-0.036456892320616725;-0.022237432506153808;-0.01935484606552925;-0.018649443394558873;-0.018629241233218147;-0.012636195566307738;-0.010427684119366485;-0.00033855013143466346;0.0;0.0022637372982955975;0.002298343317716902;0.0030508944352774323;0.0031018435633221;0.006472645675965832;0.008028570099237858;0.008712662452415719;0.012527000225341258;0.023252629308869115;0.0425114207272434;0.04722177471236961;0.051206416733725384;0.05909195047532589;0.07504203315575614;0.07829791135879237;0.08240787664256655;0.08736866777816261;0.09523809523809526;0.0991349009108533;0.09999999999999999;0.10706451228142308;0.10921212676791432;0.11187543032112715;0.12039742390651677;0.12159880116516374;0.1264726692019325;0.1287733517908434;0.14285714285714288;0.14487374555139085;0.14492980094091273;0.14994149842072285;0.16113356424046787;0.1660938674369242;0.1662283265273533;0.16691452732773165;0.1671613082802081;0.17330148595267447;0.17469899329897792;0.18411710330361572;0.1989256784530273;0.20175438596491227;0.20713010619130653;0.21028045695553377;0.21042706077770112;0.22062861103864803;0.22549019607843138;0.23017066830367922;0.23661360362590883;0.24127426939959548;0.2513534726492291;0.2533483181314235;0.25350876608986694;0.27018762587213097;0.27403089609001785;0.28445628772579173;0.29523302440562166;0.2972963930555225;0.3;0.3092047704747361;0.3109509708796211;0.31369482178014974;0.3456735426560204;0.3714285714285715;0.3714285714285715;0.3757563270338739;0.3765723339400754;0.39999999999999997;0.40640803859711805;0.42092402342088175;0.42859941740359203;0.43659771709967277;0.46389581766482835
39;-0.21428571428571433;-0.17575757575757575;-0.17393131069573453;-0.1338923854009157;-0.10714285714285716;-0.10671320533426938;-0.10537817381258466;-0.09999999999999999;-0.09830209465959819;-0.08307264158295595;-0.07265526580826275;-0.07142857142857144;-0.06019582716850076;-0.01871051450867475;-0.01634492355981388;0.009608983365318654;0.01627371812136666;0.022811016424073034;0.037974692433585734;0.03834018852491689;0.03883771703958882;0.04950951561196679;0.05216749752561406;0.05305166434676868;0.056324382111001874;0.06340146681633119;0.06449153508272044;0.06921497784131526;0.06999660215658017;0.07667257120358496;0.08480045368858406;0.08571428571428573;0.08724935699874997;0.09288730597077166;0.09390686434675768;0.09572388016563838;0.09572418062858644;0.09999999999999999;0.11437975600842472;0.11792262902595713;0.122356828131061;0.13324556196484608;0.13508431922299483;0.13680546465407956;0.13709308297497608;0.14470079020168694;0.14485963943452182;0.1613875562241644;0.1620918879540165;0.1679687441330414;0.1732671830493832;0.17666544165411727;0.17814832781253184;0.18493656804843708;0.18518979150861634;0.18758163555626384;0.19126527714629485;0.2028901148883324;0.20314048273473223;0.20573699480640997;0.2174821452267576;0.22807017543859648;0.2358791559639056;0.24603429104645042;0.24806268553307223;0.24997009821369476;0.2546540237990429;0.255248225697657;0.2563619920304315;0.2593138090002608;0.2827675020650925;0.2844786090902033;0.3023458147507444;0.3042883489924433;0.3128974687870926;0.31849181918207964;0.3186424249034503;0.3188402256895055;0.3219023057629152;0.323499774043571;0.32352941176470595;0.326362689414732;0.33228838631663044;0.33293067924952213;0.3400777993242839;0.3432706070351713;0.3560869300647755;0.360668730076144;0.36158731815482414;0.3634064550031215;0.38776263997126664;0.40655083719770624;0.4222745552412697;0.5050239826926572;0.5773013922736403;0.6;0.6;0.7142857142857143;0.7142857142857144;0.8660254037844387
28;-0.36224458368918316;-0.3214285714285715;-0.3;-0.3;-0.28571428571428575;-0.20920685218893076;-0.17178561558108116;-0.131117648239312;-0.08571428571428573;-0.06040922696001233;-0.050183992686282215;-0.047317929657069574;-0.0372904637410887;-0.035746216239853884;-0.021352892097369156;-0.018978712300498315;-0.015589402923967497;-0.0067708170285978074;-0.004237353382329767;-0.002473739938827313;-0.002109583066479407;-4.082115528646221e-05;0.0;0.0;0.002825085803881294;0.004237300885708869;0.005940819028057581;0.00941997049937491;0.01422366796915687;0.01437911909269501;0.015715520185982414;0.017149810891146658;0.021950829859105656;0.024287264278018143;0.02486804601810983;0.026843571911445558;0.033304284671316096;0.046941219410734744;0.058249559797186504;0.07264440672078115;0.07378573047443557;0.07504203315575614;0.07751498867879539;0.07898201725678752;0.07902086206187496;0.08018260720059187;0.08207800058705787;0.0969474764990293;0.09999999999999999;0.10884857440670459;0.1303957647662677;0.14176903719902167;0.15344153217909537;0.15807800370998196;0.16175602096440217;0.1641568126688672;0.16518306794553106;0.16605579600761267;0.1686995713695713;0.17380552240974487;0.18350353739650035;0.19671922098229053;0.2030592147248384;0.2328734621494503;0.23322509587710433;0.2380952380952381;0.23985467296233545;0.24066248755972108;0.2448456394854487;0.2456140350877193;0.25104822262671694;0.2563141574617099;0.2564659911552976;0.2607702945793037;0.2630603607735223;0.27008904514928234;0.2707065142145648;0.2758340434809782;0.27696078431372556;0.27899244402758683;0.2832127972406768;0.2835988635799517;0.28466533560820895;0.2906587942862978;0.32350325697067767;0.3336770017843014;0.3351196380109315;0.35239259009255103;0.3540926646560667;0.3714285714285715;0.376234016983276;0.3826113612953621;0.3852293269442835;0.4002863061809578;0.41865534516406977;0.43209747401024046;0.47190550451844193;0.4776065484606251;0.6571428571428573;0.7
26;-0.3714285714285715;-0.3214285714285715;-0.3214285714285715;-0.3200197549155974;-0.3;-0.20291986247835694;-0.18013200343242997;-0.10462768179158853;-0.10041928905068676;-0.05781098063915159;-0.05669890299773872;-0.05302772366852063;-0.04793039697565003;-0.04135656901153853;-0.030669028481433984;-0.02864558959833242;-0.028627489541966165;-0.02859697299188311;-0.019295171522853045;-0.014631107726845657;-0.006531856624018595;-0.0051293642300686325;0.0;0.0;0.005955759787658667;0.006287442677856805;0.008525501290381488;0.014298174570931521;0.015936381457791915;0.02054921711841694;0.02241694010590077;0.023206072645612388;0.026789669125327535;0.029020638083962703;0.03383053244365556;0.03695888042307109;0.04538075285448186;0.05078568223783147;0.05089952223215195;0.05657228352233921;0.0679095071763559;0.07659245515552005;0.07922754811575367;0.09521626610190646;0.09524196268760529;0.09555869891880331;0.09826262909738753;0.09999999999999999;0.10539907339739508;0.11228693735619433;0.12675187064180946;0.12801219336563038;0.13020074505254653;0.13794323802639627;0.15403750734944016;0.1577907617623392;0.16238527416068882;0.16666666666666666;0.1679190747713959;0.17753959152228702;0.17847492450433503;0.18396484772009822;0.18496547129230126;0.20529319180348637;0.21160415735878096;0.21496758236234934;0.2210526154102762;0.23025215094772297;0.232843137254902;0.2361473075091388;0.2406110676673197;0.25104822262671694;0.25126665858048497;0.2529310961593681;0.25439895379039096;0.2555614690648711;0.26085806892458957;0.2690378744149559;0.2698640495892089;0.2719617254355515;0.28423880605102647;0.2873912705363375;0.29006834629224837;0.29841958196422314;0.3;0.3004661360274692;0.3056318624215217;0.3161451932386801;0.31814132453469957;0.35188960735834646;0.370738666528674;0.3714285714285715;0.3855237336342247;0.39158690601146384;0.3996985158359042;0.4158587078891892;0.4244050507952447;0.4285714285714286;0.4444539377736018;0.7
21;-0.3214285714285715;-0.286684363778556;-0.2121212121212121;-0.14285714285714288;-0.10041928905068676;-0.07844514242062783;-0.0689229059287162;-0.05577733510227171;-0.035703702515312456;-0.026716391339334983;-0.015395145581183406;-0.010919674026629769;-0.0023729178941046696;0.0017925097438708272;0.003465716685652813;0.006467459246608275;0.010980890772058336;0.014298486495941554;0.02049086366358872;0.02227442203413661;0.026579583777405925;0.02886506206928539;0.03149611214187781;0.036769911340215976;0.04460013997893531;0.04978721787230557;0.057530471663699984;0.058569172738196784;0.07142857142857144;0.07196139350062863;0.07905613979403811;0.08007102439910532;0.08218582210435281;0.09353686755098682;0.09999999999999999;0.09999999999999999;0.09999999999999999;0.10417268325316985;0.10469204218267404;0.1107683024851604;0.11084663151146856;0.11489643078815534;0.11559046121818647;0.11591612883490239;0.11595420713048968;0.11874459613176055;0.12100740030038085;0.1238312320163965;0.12956791226588202;0.1327443652548737;0.13753115851877873;0.14053209786319346;0.16789891392195153;0.1680199215484451;0.18308233570392995;0.18373514812478714;0.18623952882568742;0.1912550964467556;0.20194145757956408;0.2161886153783019;0.2189904335798551;0.2191402404984452;0.2192978867430279;0.2247343155804173;0.22517258709211496;0.22563837994037644;0.2268624803723184;0.2303921568627451;0.23634221577800088;0.24736842105263157;0.24852189208525247;0.25104822262671694;0.25424807733520494;0.27456181961078907;0.28405529408756813;0.2870779509696479;0.2900773457782816;0.30662725187493794;0.3098105389774813;0.31676772955835786;0.3202765802290687;0.3252905677826704;0.32996294697335815;0.3391270770587779;0.3400324437438085;0.3434508169275408;0.34381992707990483;0.35968589185745775;0.36501335910818644;0.37634094496472653;0.38127653669655726;0.38807964968304437;0.4060031278679264;0.42473739590367326;0.4495574829945761;0.47639565762694575;0.5428571428571429;0.7;0.7142857142857143;0.8660254037844387
14;-0.2333333333333333;-0.1785714285714286;-0.11904761904761905;-0.10806125863601099;-0.09999999999999999;-0.06666666666666665;-0.03184050112344052;-0.02745403896592335;-0.025726895363804056;-0.010840011449294182;0.00046114061514412186;0.008607209321662458;0.028746275805625776;0.03492441639337053;0.03523777766359758;0.04600354272215098;0.05027394557335873;0.062385556038005704;0.06286129211976757;0.0680861303780377;0.0684186163966752;0.07598280582782165;0.08407496135479813;0.08586452867367318;0.08785051854764797;0.08818901885378236;0.0923885956161749;0.09678115125241187;0.09999999999999999;0.10026158997909296;0.10350563725780004;0.10513527200112478;0.10902595953155435;0.11288998213254337;0.11706983955666446;0.12360780769182494;0.125393080060336;0.13636363636363638;0.1370305203298226;0.13925578159407143;0.14315324112775826;0.15482195435189608;0.15733444408154837;0.16010768836583691;0.16114476106026412;0.16147434639165448;0.1616120815822746;0.16317164493682298;0.16659106802986903;0.1726010819225591;0.1794120623425079;0.1848801281185607;0.1988131536350404;0.20029587067124352;0.2027098421369585;0.20381319702338851;0.20535136173569116;0.2114640228860339;0.21427266554587354;0.21673860392864835;0.22935372123694595;0.23059436097639116;0.2456140350877193;0.24596344990138055;0.253142217234805;0.2539695772941255;0.2541836024210424;0.2571428571428572;0.2573529411764706;0.2576152445554241;0.2630429846619124;0.2637082056462896;0.27125102460143974;0.29251071396954914;0.2956832160886732;0.29822552529665186;0.30316302890723984;0.3055847465705243;0.3219023057629152;0.3371166378557434;0.3415322571460967;0.3431086088116255;0.3447884960779976;0.34508844655260285;0.36001383463205694;0.3714285714285715;0.3714594019846801;0.37303260877903816;0.38170749949968164;0.3862193023385139;0.3927376168725025;0.4021449326983562;0.4058397249567139;0.41243229995947844;0.461885242561593;0.6;0.6;0.6;0.619252282479235;0.8660254037844387
13;-0.25;-0.22223594091360932;-0.14285714285714288;-0.11904761904761905;-0.09999999999999999;-0.08518354579402503;-0.06886366519485553;-0.024145852014630542;-0.009754240024868419;-0.004563600144731321;0.003921577934371366;0.013358195669667491;0.015442214275749383;0.016818975723482194;0.020283498771157576;0.024709741273663165;0.0255146765936486;0.031107157459740187;0.03711921562920876;0.05528741207975126;0.05613154352602426;0.06121033474129633;0.06250009965248293;0.06633492539839621;0.06970512166771509;0.07013344098094662;0.07820051647429699;0.08804968230271767;0.09153814168537855;0.09384391119542286;0.09749520235495601;0.09867338788135246;0.10353178649718532;0.11439916714024038;0.11620795115315737;0.11888261738472285;0.1198326642250027;0.12119994953511082;0.12322022264789453;0.1232291252821542;0.1405517007294871;0.14285714285714288;0.14532759766357597;0.15343489522987908;0.15598307154811822;0.15935699936908662;0.1601879412371407;0.17272727272727276;0.1798827864870432;0.1825632777532354;0.18286674264738983;0.19117647058823534;0.19197027590586696;0.19602324180651928;0.20886780525450963;0.21065311254474872;0.2138556642108178;0.21926669333131635;0.22749763848785717;0.2377395383587582;0.2382699179018815;0.24435654750519306;0.24521241645324088;0.2523055938564713;0.2569511806163721;0.26409346124163513;0.26482640350278225;0.2676321536242036;0.2678801821823063;0.26842105263157895;0.2739382562159561;0.27618687847031254;0.2774048520726556;0.2808054100816367;0.2845213189769458;0.28762880625805826;0.29107349339705435;0.3062523873459174;0.3190731443127007;0.320010577813014;0.32141300481847235;0.32416298405244703;0.3259865947864049;0.328228766002674;0.33556750990613765;0.3408327683216159;0.34245581652182977;0.36871493011455153;0.3714285714285715;0.37679789208449865;0.38742469942348295;0.39857031107437085;0.39999999999999997;0.41683578211179534;0.479748809302682;0.5217939320872036;0.6;0.6;0.7;0.8660254037844387
