;fix_number;first_fix_duration;GPT;fix_duration;fixProp;text
0;14.510259;3.7812238;4.544432;5.810664;68.599304;sure,
1;16.31769;3.9873414;5.5550427;5.758631;83.101326;here's
2;10.241999;2.6751182;3.5160904;3.6236868;55.79537;an
3;25.02568;4.563044;7.625275;8.477473;96.546616;example
4;14.950904;3.50109;5.3343554;4.936413;78.37121;game
5;15.8165455;3.5944016;5.4866657;5.306318;80.18438;played
6;7.1182456;1.8707685;2.1381953;2.21138;44.33053;by
7;14.948751;4.021025;5.67398;5.2085876;82.55979;bob
8;7.2742257;1.8992894;2.6133058;2.2736132;44.878803;and
9;12.356511;3.4476604;4.6969657;4.369143;70.06397;jane:
10;16.79072;4.067105;6.5963035;5.943291;81.23238;bob:
11;12.703779;3.6540916;6.4554243;5.4052896;65.23771;c
12;16.95567;3.9832733;7.3509626;6.252539;79.48789;jane:
13;10.946247;3.3027303;4.7902107;4.4668865;59.419647;r
14;15.877474;3.8857863;5.836634;5.518435;79.40689;bob:
15;7.6946006;2.6683547;3.3096752;3.1688972;52.793274;e
16;15.5837965;3.6343362;5.9014897;5.4654355;76.44194;jane:
17;6.5533466;2.185398;3.0211642;2.1687765;47.49169;a
18;15.541927;3.8377142;6.196238;5.36644;78.369095;bob:
19;7.6394153;2.459351;3.190951;2.6916537;51.181664;t
20;13.797558;3.566505;5.223864;5.059633;70.77967;jane:
21;4.407264;1.1675454;2.1888018;1.4532554;28.44034;i
22;15.661928;3.6783154;5.5923514;5.3982506;76.34126;bob:
23;8.557448;2.7735264;4.4581823;3.2353458;55.387566;o
24;16.602692;3.981521;7.3665557;6.106458;78.9945;jane:
25;10.140247;3.0217621;4.431128;3.7662826;60.298313;n
26;16.029907;3.999489;6.525478;5.531869;80.17644;bob:
27;18.628878;3.9631822;5.4677496;6.6035805;82.10267;(loses
28;17.112156;3.726041;6.474503;5.5640454;81.74392;because
29;11.818121;2.9362814;3.2976453;3.814122;67.138054;there
30;5.689208;1.3661543;1.6046456;1.6938506;30.323774;are
31;7.7725253;2.0705197;2.8900247;2.5180147;45.551632;no
32;16.385937;3.6606908;5.5144753;5.0691733;85.1193;english
33;13.908997;3.3320386;5.1028824;4.2138352;77.22689;words
34;7.980286;2.0369096;2.0112052;2.5334685;48.62897;that
35;12.06757;3.2587945;4.510937;3.912707;69.74408;start
36;7.662121;2.042264;2.3201046;2.4179432;48.427258;with
37;22.277168;4.897743;13.360539;9.441669;84.27458;"""craetion"")"
38;3.6211338;0.94904804;1.090323;1.3499689;19.774471;in
39;7.9049873;2.302969;2.8019311;2.7204385;50.544506;this
40;24.384783;4.276993;8.966341;8.302888;91.19605;example
41;17.138893;3.3207095;7.0363584;5.7027864;76.22113;game,
42;16.94531;4.009593;5.869686;6.04803;80.106384;bob
43;7.5916905;1.9464537;2.4771235;2.3193622;44.741028;and
44;13.070644;3.4689622;4.278319;4.7687654;69.103966;jane
45;13.444525;3.5365207;6.020937;4.928862;70.86005;take
46;17.025902;3.3142242;5.11088;5.632916;74.84649;turns
47;15.071137;3.501372;6.370287;5.2759047;76.556046;giving
48;4.7634177;1.1688333;1.5384449;1.6513836;25.863827;a
49;12.894184;3.2126377;5.530996;4.559554;65.63647;single
50;16.385212;3.4584203;6.1033196;5.4693074;77.379875;letter
51;5.2942634;1.5450327;3.3519783;1.8641442;33.395535;to
52;12.626581;3.2515776;4.8479586;4.280363;70.34918;form
53;3.5597863;0.74828017;1.4315405;1.135164;22.24547;a
54;19.239317;3.8200953;7.48761;6.972098;79.50303;valid
55;16.7222;3.6118312;9.711268;5.4967365;80.074295;english
56;14.39502;2.7991018;11.805958;5.0121775;63.63098;word.
57;5.497687;1.1968374;1.139;1.8471066;26.10695;the
58;21.050898;3.7706296;6.159517;7.3964868;83.17573;letters
59;8.190067;1.7938796;2.1966105;2.7100012;45.528595;they
60;24.73234;3.5435073;8.076934;8.103648;87.32259;provide
61;9.618782;2.164028;2.4664962;3.2031221;47.529503;are
62;39.34815;4.5485077;17.613749;15.212458;85.95479;c-r-e-a-t-i-o-n.
63;11.759148;2.1468735;3.3761632;4.1974244;47.792645;when
64;16.63079;3.0508149;4.406361;5.7266154;71.15186;bob
65;18.361803;2.7035828;6.5201936;6.2072277;71.43055;gives
66;7.9936094;1.5245354;2.5151575;2.6176932;38.009502;the
67;21.11142;3.1915734;7.0969596;6.690413;77.88041;letter
68;20.043438;3.7050893;7.9536567;7.119098;78.78339;"""0"","
69;16.826582;2.995533;5.003094;5.7774878;66.96449;jane
70;26.791672;3.7814968;7.870265;8.733557;90.31008;responds
71;10.579005;2.0103397;2.5054986;3.4465249;47.479397;with
72;8.456129;1.670103;1.9409779;2.645751;42.14027;the
73;18.852566;3.1370983;6.1215177;6.0543437;75.53486;letter
74;18.507235;3.5094886;6.8604026;6.485615;76.407875;"""n"""
75;7.057946;1.6472665;2.429187;2.3803165;37.376617;to
76;16.77987;3.1537592;6.3657155;5.6039047;73.52284;form
77;7.695;1.6532757;2.2913558;2.3963568;39.0531;the
78;17.655647;3.034407;8.947347;5.442846;74.05577;word
79;26.207188;4.3613787;15.191272;9.619191;90.68093;"""creation""."
80;13.889334;3.2241762;5.6526756;4.965601;66.9834;bob
81;11.796751;2.3665917;3.7195456;3.8646326;55.055973;then
82;15.160079;2.8667915;6.0419664;5.0751777;68.55224;gives
83;6.442311;1.5002693;2.0559134;1.9120718;38.91719;the
84;18.692295;3.4834504;7.4864573;5.9863462;81.68712;letter
85;15.445656;3.8498836;6.647158;5.226641;82.35761;"""s"","
86;13.154329;3.254608;5.379645;4.2029624;74.08708;which
87;14.708984;3.1834984;6.9866705;4.594336;72.62671;cannot
88;12.64621;3.0006301;5.0944257;3.8584497;73.22037;form
89;2.9264839;0.52765965;1.2666758;0.74180716;18.360859;a
90;18.392603;3.5705261;6.779599;6.303694;82.336266;valid
91;16.074965;3.2989647;6.9876256;4.8182287;80.58878;english
92;11.375599;2.6434853;4.558862;2.8690624;70.01578;word
93;10.683466;2.6788278;4.1863966;3.352986;63.612278;when
94;16.369957;3.2651348;5.330915;5.146872;78.248924;added
95;4.558873;1.1903106;1.3474257;1.0317172;33.336636;to
96;7.6004806;1.6723766;2.5945256;2.0404055;44.677227;the
97;20.36358;4.260053;7.5676355;6.5699735;95.91055;existing
98;14.831705;3.287452;5.764509;4.571887;77.03262;letters,
99;6.939424;1.782676;2.136644;1.7419342;48.33138;and
100;13.390364;3.6320603;4.5890064;4.4442515;78.08575;thus
101;11.996125;3.055374;4.3713665;3.9118762;65.835464;loses
102;6.761591;1.7709687;7.3704066;2.178217;40.202965;the
103;11.847347;2.8287616;20.17786;3.9907014;60.93105;game.
