;phi-1_5;roberta-base;bert-large-uncased;Meta-Llama-3-8B-Instruct;roberta-large;Mistral-7B-Instruct-v0.1;bert-base-cased;Eurus-RM-7b;UltraRM-13b;Llama-3.1-8B-Instruct;Llama-2-7b-hf;Mistral-7B-v0.1;Llama-3.1-8B;QRM-Llama3.1-8B;bert-base-uncased;Meta-Llama-3-8B;Llama-2-7b-chat-hf
0;-0.2048683903720511;-0.0495118533187521;-0.0420840496264139;-0.1053720784131582;-0.0714285714285714;-0.0339819447543081;-0.1197626261913258;-0.0357142857142857;-0.1284457725980754;-0.0891042701123295;-0.1071428571428571;-0.0596688112882153;-0.0417691678465637;-0.0963856120713406;-0.0714285714285714;-0.061425246833182;-0.0400104430025386
1;-0.1277645134130186;-0.0062953333010502;-0.0197547293544516;-0.0822162973516639;-0.0492969970642799;-0.0267654708534201;-0.1017743651552126;-0.028925374954493;-0.1042024778073743;-0.0879120879120879;-0.0357142857142857;-0.0588235294117647;-0.0357462162398538;-0.0893655405996347;-0.0620148465810632;-0.02322655916039;-0.0357142857142857
10;0.0099465560423914;0.1122072934422552;0.1536146320387564;0.0325329788733954;0.1501341082073863;0.0729197550463969;0.1044585819078998;0.0654777693380437;0.0567595459236326;0.0420604941148898;0.1101955703406197;0.0725601618086981;0.044312884999761;0.0466499679202438;0.1359480350582073;0.0313273297890148;0.0866165744608782
100;0.8982196964349441;1.0;1.0;1.0;1.0;;1.0;;;1.0;;;1.0;1.0;1.0;1.0;
11;0.0107238648719561;0.1240109267765979;0.155757724031407;0.0387284461372707;0.1528165177153392;0.0732797432917004;0.1124809697827452;0.0714285714285714;0.0573342219306232;0.0489842629319307;0.1105583738540904;0.0841911734927043;0.0446147533943995;0.0542375989376397;0.1410462921030143;0.0530997678436412;0.1149518417322861
12;0.0168654860416173;0.1338061348887597;0.1590417717828387;0.0560671339593723;0.1635245797618772;0.0862700768814485;0.121530708241066;0.0801638882132905;0.0574693690493859;0.059083139895243;0.1113278702998427;0.0844745704508395;0.0492359499127025;0.0557667287612267;0.1411975541474228;0.0579113562558252;0.1166150670794633
13;0.0376978247357736;0.1451374875158063;0.1591058596748541;0.057501466892866;0.1682636276539751;0.0972941029087204;0.1370483481914395;0.0801789153903488;0.0651276116690432;0.065533736770531;0.1366112792814593;0.0986572589641204;0.0773139947962606;0.0594684033200392;0.1646470573764673;0.0658726209055178;0.1199078973919447
14;0.0492969970642799;0.1478860577598103;0.1637543871001181;0.0603953696376646;0.1888190317396638;0.1079397763335157;0.14153362213731;0.0840078630684119;0.083208900053121;0.0660455539176473;0.1467321106620926;0.1033216336639277;0.0952403917644272;0.060117049961915;0.1690182756489597;0.0791764090906212;0.1344184873131886
15;0.057175299980927;0.1650862727942406;0.1639437174868523;0.0615094196811925;0.1943718186519095;0.1084338579097104;0.1470221999509553;0.0901043394257332;0.0858847874101125;0.0749717522786887;0.154504183490986;0.1052217705531346;0.0967272537372924;0.071477086169563;0.175320599512107;0.0803590805512354;0.1348984901533761
16;0.0587350063677598;0.1698040585427002;0.1702075719631236;0.062573613383979;0.1970824517467747;0.1097810757594764;0.1624900220345571;0.098557024546122;0.0889557966452752;0.0779873412427046;0.1561127188002447;0.1142886298491747;0.097080414005866;0.0806756685510378;0.1771607414816112;0.0943144435959152;0.1369324411307917
17;0.0598772373305161;0.1762347948653946;0.1823057028232548;0.0646694973596613;0.1978218202449556;0.1103003140679994;0.1668850618360371;0.1020930614732857;0.0926076740744156;0.0812207424108483;0.1648497342135136;0.115486478966878;0.1062951496388028;0.0897839109862569;0.1787310811992694;0.0948216122938484;0.1564975053722008
18;0.0620124999424565;0.1785345717234261;0.184102029926259;0.0657596595271889;0.1995398789309742;0.1164029139519091;0.1901455601050796;0.1084772675286529;0.1091045541259691;0.0918472652218782;0.1762735252792202;0.1207335048243021;0.1108083991130125;0.0918472652218782;0.1912652771462948;0.098701995783467;0.1682970354856129
19;0.0650154798761609;0.1875969372255978;0.1977133163360266;0.0813462073554209;0.20539082211049;0.1181850107881799;0.1947050626740112;0.112559079410195;0.1103316175373699;0.0952403917644272;0.1802724334185203;0.1338923854009157;0.1113278702998427;0.0959269833444102;0.1962624761790624;0.1032565997031041;0.1713208485818269
2;-0.1017501791463782;0.0200385728420065;0.0122850493666364;-0.0466831875932183;0.0205049089501902;0.0;-0.0990830719556603;-0.0257997936016511;-0.0933663751864366;-0.0845091378244798;-0.0013071926447904;-0.0541655868920245;-0.0357142857142857;-0.0845091378244798;0.0035714285714285;-0.0211272844561199;-0.0295018856294583
20;0.0681299002158773;0.1987169738566785;0.2039693571595173;0.087719298245614;0.2060755748249259;0.1361257418133949;0.2071095954865979;0.1270829146634891;0.1295182191699319;0.1020634455776221;0.1855203464577905;0.1418084204936305;0.1135559794760362;0.1064078780792063;0.2051584293433265;0.1116208787944963;0.1740734840048556
21;0.0738553525269318;0.202337156446145;0.209437599853838;0.1132042605964954;0.2068846408504064;0.146828937303492;0.2074303405572755;0.1274540880908697;0.1304690128329299;0.1071436293760229;0.1911588473762327;0.1428571428571428;0.1188238403790854;0.1124975166403739;0.2056140570965616;0.1207430340557275;0.178575734558301
22;0.0781179505169787;0.2051439401261931;0.219395449891043;0.1166254078964023;0.2090021469891031;0.1485566724779825;0.2120283403853314;0.1334946754823061;0.1365021195100698;0.1090560791209201;0.2016947970489976;0.1598887623546964;0.1285714285714285;0.1178571428571428;0.2193718997517125;0.1207448083298802;0.1847408443167814
23;0.0914515028717027;0.2063888293594916;0.2200550997676978;0.1293789849305152;0.2118106629344293;0.1519730668623081;0.2161225172720219;0.1428571428571428;0.1433528672543544;0.1178571428571428;0.2022473808764469;0.1635416359795929;0.1325954848562826;0.1207742403124901;0.2217252957016276;0.1300517415415492;0.187191231374254
24;0.0985414076878699;0.2255227990868355;0.2241559503438951;0.1303517886492781;0.2141606560332759;0.1551932927242811;0.216264608251116;0.1508492642562868;0.1529518877621565;0.1195295905876638;0.214884816261116;0.1646865107593221;0.1424998264081454;0.1233142944123478;0.2256733864823253;0.1420083004466619;0.1872835846387533
25;0.1007678767643393;0.2299366056303288;0.2305630947470575;0.1370871397183343;0.2279321617286386;0.1671078941534761;0.2265363913081856;0.1744170638747292;0.1632234997286677;0.123865405185369;0.2270348199915644;0.1659961628883428;0.1465558374273926;0.1299657028978216;0.226691974147621;0.1536345099106153;0.1926171053225271
26;0.1071428571428571;0.2309302171705271;0.2420897336078958;0.1520670793610371;0.2283410665585896;0.1673654817511446;0.2322146137148798;0.1757592349269542;0.1638090449356266;0.1257896646036691;0.2284566569644819;0.1661265392191348;0.1546922209039731;0.1348052503561712;0.2341420415604882;0.1546459681648742;0.1942773287548978
27;0.1307626695118745;0.2312541901925623;0.2480565872040102;0.1526014393352804;0.2343756125447804;0.1752894403999108;0.2349257799753625;0.1759640746366702;0.1884055769869374;0.1356892267255529;0.2292044479086011;0.1671688642774702;0.1566279217258893;0.1491579595121296;0.2411012677577099;0.1571428571428571;0.1961089741992053
28;0.1325521087990993;0.2318587915806886;0.2562819105951129;0.1571209606436637;0.2394581028839439;0.189275787417835;0.2350134168056463;0.1866579662861065;0.1902066794758933;0.1502886774255313;0.2315512827408325;0.1695176560129114;0.1579291170363108;0.1569787541074206;0.2511984887326264;0.1576752664861434;0.2008385781013735
29;0.1333335808333511;0.2362637362637362;0.2596967233352802;0.1580111723436146;0.2448328598978505;0.1913140556257738;0.2418719098468635;0.1940916876316291;0.1904942847525315;0.1525180749887647;0.2321428571428571;0.1745153027597408;0.1624995874039338;0.1571609287516945;0.2523150274676963;0.165040475168555;0.2038501552863043
3;-0.0880176380825573;0.0395825442672487;0.0615875248090327;-0.0391203841597651;0.0857460831721682;0.0134015478080914;-0.0879120879120879;-0.0232653621995335;-0.0879120879120879;-0.0285298106953006;0.0019267858501929;-0.0171990691132909;-0.025738161291821;-0.0714285714285714;0.0147420592399636;-0.0164819376825553;0.0
30;0.1342971146737176;0.2365031374885589;0.2633092159429223;0.1626708018043173;0.25;0.1932453692514822;0.2482789646609215;0.1962863948811452;0.1919366172237964;0.1572370726125238;0.234818393939758;0.1745557981756798;0.1687656823492531;0.1593829620614203;0.2621647358468185;0.1679224146498656;0.2089450436731777
31;0.137211220467298;0.2385696296021243;0.2643909731096304;0.1640900200871616;0.2555239744424786;0.1933253303400548;0.2530989571302352;0.200301431972104;0.1939973182908423;0.1776693874132425;0.2349400254710392;0.1850559724712416;0.1732075264128084;0.1594086675268618;0.263750127324825;0.169661092201826;0.2098908341639766
32;0.138036714976062;0.2463117695771929;0.269208946415343;0.1672507885237339;0.2569533167997815;0.2027449661690853;0.2588533830871858;0.2038238821608761;0.1992556336142008;0.1809056870066254;0.2391356039413262;0.1855417730363527;0.18216243583775;0.1811094552788748;0.2731828118648749;0.1716869416903748;0.2101162723705127
33;0.1426179887856648;0.2479197881525913;0.2811402408305579;0.1674767019704172;0.2614389555810795;0.2064519514051372;0.262699865995222;0.2063803470343824;0.2047895442986464;0.1952683283735628;0.2400980934077586;0.1871853252626522;0.185809131458509;0.2018074577764055;0.2827693446921543;0.1799617984080201;0.2214440792600453
34;0.1446524127569765;0.2485511636781825;0.2886960465349559;0.175;0.2659601200235665;0.2165350624425505;0.2645220001749188;0.2070286225702829;0.2084302885652991;0.1982288450221894;0.2418958125263439;0.1940145573930802;0.1867471997333902;0.2041646117372467;0.2844806556518969;0.184337984172843;0.224206829615652
35;0.1473384187122089;0.2510279144753731;0.2994574708009738;0.1837351481247871;0.2731902054820488;0.2216028658322022;0.2679759610125112;0.2102372624098692;0.2124989677235641;0.1985575784497609;0.2462854366246736;0.1967323980967196;0.1920404039782135;0.2045090531131901;0.2846393192660919;0.1882322970935041;0.2245225502360918
36;0.1504111478511957;0.2511889231783121;0.3020269508603538;0.1860028445475386;0.2742594312055728;0.2309268149248851;0.2698130257895945;0.2105680430884028;0.2147056160963459;0.2010477898801695;0.2466460268317853;0.2026650448718321;0.1953133719412616;0.2055380146390787;0.2896467527991442;0.2058341802628113;0.2249999999999999
37;0.1560572648686815;0.2546540203120804;0.3021978021978022;0.1893970461378913;0.2782499309373242;0.2354630362308845;0.2717596120788968;0.2145427421322187;0.2147984058370307;0.2063255351893101;0.246719638952363;0.2064130355227481;0.2011564427601424;0.2079977211871354;0.3027252615366482;0.2073985346238252;0.2265613938738521
38;0.1590754898100225;0.2590310183656118;0.3053358383455223;0.1922141402396963;0.2822680006858756;0.2356587210351764;0.2823005376217234;0.227347571419599;0.2151310734755489;0.2079142071056443;0.2473962478340683;0.2138579611987185;0.2077580448683677;0.2082335982046482;0.318156406847482;0.2087901668151415;0.233828793215974
39;0.1595529490297916;0.2613357329812042;0.3204410805420625;0.1977900780741924;0.2853795322230619;0.2380873533556312;0.2916946039483523;0.2328793388433475;0.2201586775889236;0.2150730605622207;0.2522003113144958;0.2221447812817978;0.2089353371950966;0.2108277066496476;0.3258907862836991;0.2089213091195126;0.2346982448740943
4;-0.0706931976404001;0.0527109031505536;0.0704242815203998;-0.0310424275361831;0.1001718927727318;0.0164835164835164;-0.0605010756960581;-0.0230012111430329;0.0;-0.0200343785545463;0.0034274121501775;0.0041624282756235;-0.0059837443284995;-0.0377414801805097;0.0274725274725274;-0.0144626874772465;0.0045804826408945
40;0.1643415958898522;0.2683267095664662;0.323106764293571;0.205897348284332;0.2892809539254738;0.2418795696535168;0.29554380584019;0.2341717553593745;0.2207428712999958;0.2168906602367861;0.2536838154420372;0.2271035698108815;0.2115965896060649;0.2116262555056637;0.3315980092960715;0.2135004893797455;0.2439322255032374
41;0.1714285714285714;0.2711401672226214;0.324503603825171;0.208244767851207;0.2895329951118204;0.2425510607769795;0.2959717768923613;0.2404902938387755;0.2219622673614353;0.2180639213939177;0.2698547151697713;0.236645524042022;0.2154696381255169;0.2142730734573832;0.3331424388410786;0.2162954806368864;0.2461929781766738
42;0.1802066025883642;0.2780143270902679;0.3249713855917018;0.217575126276488;0.2907802910893109;0.2463724192560386;0.2980751276601925;0.2415214448643806;0.23238016421445;0.221846658561987;0.2729059965749432;0.2371490393595259;0.2202345364818892;0.2261316162432173;0.3353353533357125;0.2165578100535151;0.2479775681605477
43;0.1835974932518741;0.27824535709462;0.3276886136640039;0.2193484161989801;0.2913204901246194;0.252148758199112;0.2990841636374875;0.2470755912028905;0.2343060937357107;0.2222392111944756;0.2734759998675094;0.2418596430561869;0.2248463453863357;0.227766866110664;0.3359012675926948;0.2285988527793029;0.2492116419149402
44;0.1841474785596072;0.2856195312034286;0.3327578365568819;0.2237006524167439;0.296152279481397;0.2541887353045529;0.3000023050238447;0.2556102956059289;0.2369934375779925;0.2272652099624255;0.275977526136538;0.2469486096774732;0.2321896150220374;0.2288276044530416;0.3367499958367317;0.2295706004545247;0.2574857784025208
45;0.1960676769496182;0.2939083066320574;0.3339816068329443;0.2287027917603626;0.3030337276993664;0.258764063917108;0.306318215752261;0.2626672318991193;0.2384617793784438;0.2317370553399355;0.2830682679335836;0.2480526383105053;0.2321997932766251;0.2327204233535721;0.3401115530554491;0.2308441896468731;0.2597621968820327
46;0.1966154317189388;0.3047508064959017;0.3376668261411956;0.2293834153311872;0.3069774381710233;0.2591392638410529;0.3201343411375308;0.2771589905345432;0.2512665929970351;0.237086224344538;0.2998631588377141;0.2642857142857143;0.2415791815273218;0.2453208832915916;0.3460901591143367;0.2399141867831134;0.2679869073234277
47;0.201854041357194;0.3053615430497352;0.3412724612714088;0.2341281429752081;0.3129548487967579;0.261759685707719;0.320413425830252;0.2787123139932994;0.2543550236898155;0.2424776355388899;0.309401262700622;0.2678991722799866;0.2441740813354553;0.2463361832004824;0.3464617349347964;0.2407760634783771;0.2740548666822913
48;0.2076962518304797;0.3245541772787297;0.3423511835928113;0.2377591995007136;0.313908427648367;0.2669333015020502;0.3232990217579673;0.2841357077459074;0.255234221499845;0.2442644603090937;0.3136203215643988;0.2750602811849167;0.2513192253054954;0.2485862509214984;0.3465780526150239;0.2482432574303915;0.2750459359862306
49;0.2101190520599462;0.3274111622952798;0.3485310806087907;0.2386396051751617;0.3221086448424406;0.2685642952744432;0.3246387223892966;0.2868186654374175;0.2592602891438719;0.2476812098576689;0.3207701747696022;0.2753800805507829;0.2543826249347844;0.2503905447656951;0.3531206595765489;0.2526847483254106;0.2799048324085411
5;-0.013408631439424;0.0649239013579259;0.0714285714285714;-0.0281697126081599;0.1156356445157471;0.0319411283532546;0.0262411987439201;-0.0070424281520399;0.0055462470531313;-0.0088795330362506;0.0513924633654588;0.0056902376959658;-0.0057443108064746;-0.0186118191305549;0.0558767896555951;-0.0023237842052425;0.0245700987332728
50;0.2118013599957924;0.328246495892437;0.3528643212313636;0.2507368208426065;0.3257897054792446;0.2695296393440384;0.3317714112544775;0.2884020967259049;0.2654445628603883;0.2508831995087788;0.3241758241758241;0.2806435983648371;0.2553543755037784;0.2552742086242894;0.3566231954921504;0.253039942354756;0.2826493811318594
51;0.2127050625349;0.3302359244167146;0.3573213300937103;0.2536936232084074;0.3259240685450155;0.2696728084640251;0.332529923952473;0.2885899924682229;0.2686161521849524;0.254722013116829;0.3275331745535392;0.2813719251850873;0.2559865726368002;0.2555371777474276;0.3579873800502928;0.2543030489526426;0.2855683661111864
52;0.2142857142857142;0.3374050240038555;0.3584293170801011;0.2544228991506799;0.3299306369004207;0.2701513991789646;0.3349156966361064;0.2972217196812162;0.2763244150836065;0.263162219800464;0.3277354603258451;0.2842715511108178;0.2614969172075065;0.2593479587051285;0.3689588371873833;0.2565735847168129;0.2903516545850453
53;0.2157593825691639;0.3409876766637673;0.3636616184594107;0.2560460444903578;0.337028340914194;0.2864778449322906;0.3369013915448381;0.3061508980938925;0.2784234245373497;0.2663287849649974;0.3287382486508484;0.2862935688220142;0.2621795732732442;0.2596161187054712;0.3718329425410582;0.2600829121107888;0.2914660927035827
54;0.2160551300160238;0.3413031079619056;0.3766644951889947;0.2602289363482558;0.3403720979259843;0.2868548224696855;0.3379360785650512;0.3080561764071167;0.2845213189769458;0.2687699119156785;0.3308809818358216;0.2875912336394018;0.2648259641639532;0.2628437270874469;0.3759705610280762;0.265701449855814;0.2967741068674704
55;0.2188700276674386;0.3416660438729083;0.3812894494238024;0.2677603378386539;0.3475940231076017;0.2879688495748658;0.3431141965823968;0.3084794030039942;0.2846405518928526;0.2689308383753913;0.3334140437599736;0.2879037399287353;0.2654443747054483;0.2641280227199316;0.3780333212475896;0.2708148340616592;0.2969521344717041
56;0.222396042924769;0.343092430897026;0.3839680540374836;0.2751809373107972;0.3485265519668573;0.2890226838232209;0.3622767768838479;0.3103620500669826;0.2865675792426673;0.2723151932531365;0.3347727749401383;0.2894241811641302;0.2688778169863545;0.2677847708018314;0.3842691133491271;0.2803663536552346;0.3146825418485708
57;0.2227521551275461;0.3433925606786638;0.3839727846168675;0.2790668096147845;0.3507295097489321;0.3013298649876907;0.3645909565356867;0.3191305261050088;0.2991983830833229;0.2729964584572169;0.335364276894388;0.2898106194092392;0.2734359412320603;0.2687454911559654;0.3844364216586774;0.2844186267022998;0.3198756498588813
58;0.2287097206695063;0.3464061191309243;0.394222264921202;0.2802501095075672;0.3587169357127645;0.3028611528382874;0.3671317133953313;0.319992700046744;0.3009084417841586;0.2735489036680158;0.3363589723771041;0.2969395623221354;0.2810877525807199;0.277355523339062;0.3866263382567283;0.2847812825849306;0.3209050855680522
59;0.2319084142609793;0.3468865823541556;0.4012183993764028;0.2806714280663772;0.3647089809145456;0.3111822102970388;0.3696977022091591;0.3204821175676302;0.3035168210399954;0.2821083250047532;0.345832793635526;0.2971115414649568;0.2864028273420461;0.2787097264136253;0.3904054946864552;0.2871401468881203;0.3267960767355314
6;-0.0087629130531245;0.0714285714285714;0.0924283449413406;-0.0197575530242168;0.1186790505675954;0.0439696610718729;0.044454981999733;0.0153714700389585;0.0239354921144661;-0.0088022527858155;0.0660638970367854;0.0155859018419779;-0.0015411060426574;-0.0104302556521575;0.1107155888717474;0.0;0.0341335238254901
60;0.2426799485391596;0.3494203826573749;0.4035189908446607;0.2840729343649449;0.367484984247083;0.3236426461268842;0.3747273450364382;0.3249819980194923;0.3040293029647732;0.2850534958972368;0.3459694621594045;0.3021570110158081;0.2902542085608809;0.2812420003052475;0.3913396301094672;0.287618462715218;0.3278304289612578
61;0.2484863961574587;0.3521624653438839;0.4109077851589961;0.2893523636894642;0.3782584565096173;0.32460022319517;0.3876833498628849;0.3271360479867635;0.3045960812081889;0.2880214798896304;0.3495587916058973;0.3077521046557988;0.2931256580142568;0.288952369945881;0.3957471368382282;0.2910158033013852;0.33178416961543
62;0.2494428838543147;0.3564534525571833;0.411184660820225;0.2905461717125779;0.3908700024669103;0.3262773828608319;0.3890228496250167;0.3288298908881996;0.3081101654413898;0.2926346446778909;0.3526983633613608;0.3104552151100073;0.3036527993732277;0.2969001762912913;0.3974552702671389;0.2946771064542616;0.3332492594948811
63;0.2517001418277041;0.3572926848621105;0.4122513966610223;0.2946198256304805;0.3939759013138375;0.3291495414209136;0.3913918099766012;0.3289893516326077;0.3095228739829995;0.2985704783577584;0.3528326228811654;0.3115270504893186;0.3095693807537351;0.3025724369479295;0.3983706517451622;0.3030766607446208;0.335857808190749
64;0.2555839394610571;0.3576631886511567;0.4123638952932124;0.29633116043931;0.3956043956043956;0.3325138642079858;0.392958343977884;0.3312507942318393;0.3111408169366297;0.3068714862823495;0.3541496033217758;0.312327535856469;0.3101267894069721;0.3043289252613705;0.4027486365209475;0.3074186316933164;0.3360556999905995
65;0.2557693302863787;0.3591018681774509;0.4158004309576199;0.3025799524831069;0.4010908050382339;0.3382226307509403;0.3997833588982155;0.3373419382112829;0.3113289888973685;0.3109898667696255;0.3563775681709378;0.3136413728955439;0.3114779419414243;0.3061369127109076;0.4077322617633909;0.3115999035422856;0.3360898022578517
66;0.2573158475561025;0.3612649190886949;0.4179258160632877;0.3055371510207207;0.4036711337443714;0.3393798760217717;0.4000673367618981;0.3388226294134625;0.312561406837504;0.3156498381955996;0.3623988586774228;0.3179602725870186;0.3125637774832633;0.3068874975255031;0.4096052236878021;0.312212549124067;0.3369635965005957
67;0.2580617809341018;0.367760383765662;0.4185182474689181;0.3065080409964704;0.4054660589160722;0.3405651544235622;0.4053260599994289;0.348073999376091;0.3246572438176192;0.3178176805221989;0.3653929695264412;0.3230773458981197;0.3133250111535171;0.3126032805136313;0.4178325279273138;0.3158698049346859;0.3389500119406344
68;0.2608428873859512;0.3718057356754619;0.4223149884755501;0.3073117954690741;0.4137970320021256;0.3578136828119933;0.4075183671480276;0.3493216464158968;0.3249999999999999;0.3183336978863568;0.3689625294482815;0.323976613465926;0.3154793345392247;0.315314462599559;0.4224419431529637;0.3170205197777503;0.3410425350727065
69;0.2651244703396033;0.3818920430129628;0.4263936941445908;0.3143624821326833;0.4173398990939934;0.3662548876464876;0.4091033093990676;0.3523592751860441;0.3284070843766387;0.3191337638009136;0.371752484651222;0.3283032238186448;0.3162664889734952;0.3207799862023899;0.4420073044640604;0.3175607333541306;0.3417764219191184
7;-0.0066245158921499;0.0838338383339281;0.1042311661506708;-0.0167818420322238;0.1302215232863459;0.0487204055472584;0.0535714285714285;0.0364483762284111;0.0471394594451042;0.0;0.0750670541036931;0.029267755195061;0.0016969860386446;-0.0011937980167713;0.1124871001031991;0.0070086903059471;0.0714285714285714
70;0.2655155218745003;0.3878410599145244;0.4271888346819754;0.3166102425633913;0.4181274493349378;0.3678571428571427;0.4118891445311289;0.3525435005305964;0.3443458008834055;0.3201217779847337;0.3718607439865385;0.3325967234655415;0.3168379047764293;0.3225816129478044;0.4451840406915076;0.3196069766553349;0.3432108219165681
71;0.2667553165609456;0.3990793511889545;0.4299292672317242;0.3186259506182347;0.4197860174877251;0.3688605855488722;0.4123883589748696;0.3528515139624956;0.3470481483512693;0.3209678972896354;0.3740437792903362;0.3333418064415058;0.3194185414905856;0.3234384916719039;0.4453968081751626;0.3214285714285715;0.3549204072951193
72;0.2672648747626457;0.4009567824286321;0.4369689813051919;0.3266625421190761;0.4198293738138052;0.3708441438651734;0.4132719314140386;0.3557353388009589;0.347862621391469;0.3214285714285715;0.3757771307267894;0.3363577694415506;0.3214285714285715;0.3326090030230363;0.446244246742885;0.3308755658045733;0.3591074925829566
73;0.2695250973130774;0.4149132955374237;0.4436391895414275;0.3296293988818388;0.4213619656199551;0.3719291651684609;0.4153739148290329;0.3582298674193491;0.3506778415984412;0.3318453836550639;0.3851685683729642;0.3427883430916695;0.3389433853997254;0.3353778962837029;0.4470778595647095;0.3343259037999354;0.3626373626373627
74;0.2710803890684497;0.4173210781981091;0.4488033401782167;0.3297176203706628;0.4273996251487771;0.3742467836097393;0.4166989430913703;0.3683731362769888;0.3526363730191093;0.3371405439782934;0.3892150258928492;0.3453399586559935;0.339250706034003;0.3384110711145484;0.447591200094965;0.3352470953295265;0.3645835287699139
75;0.2711592480935061;0.4177772721003847;0.4494206795665219;0.3313371987381162;0.4278860428152221;0.3792696562759317;0.4334217775815543;0.3685771409825782;0.3556538494629024;0.342397588967992;0.3910302291599926;0.3543437626889471;0.3406258032553504;0.342254726786029;0.4591835521188463;0.3408359235968456;0.3650551184304081
76;0.2733006977999949;0.4186708353231985;0.4506328027865283;0.3513897077763829;0.428280115725876;0.3819996882134729;0.4344630813318318;0.370065726327091;0.3601709539843694;0.3469346589578096;0.3922451078003341;0.3582376393127451;0.3513607715270488;0.3488171270152201;0.4616725756369053;0.3458799827568618;0.3755313602891002
77;0.2741930212936239;0.4188615853578622;0.4521751478264604;0.3517592012678971;0.4311423665010503;0.387752281072879;0.4462205955061388;0.3759510343639805;0.3607919199408888;0.3477184050040086;0.3965086744497499;0.3633289853295483;0.3522568771065137;0.35033536884199;0.4635505052832698;0.3522083722005306;0.3788365969993177
78;0.2783661283961752;0.424641438154226;0.4640766627119195;0.3535891368703845;0.4371570765295082;0.3888192623404519;0.4552495042345363;0.379981892326845;0.3724763263382801;0.3514675116774037;0.4107467846724114;0.3666320188805483;0.3541540890883169;0.3571428571428572;0.4666857230228369;0.353288015134412;0.3857779998118502
79;0.2801293053103762;0.4271672840662539;0.464719589946277;0.3571428571428572;0.4387151594597953;0.3919769849422725;0.4568466590541429;0.3802379684652347;0.3764568189583213;0.3551726922006408;0.4110017289105456;0.3677749446600893;0.3551838862267601;0.3575747102138121;0.4743664987823446;0.3549476519781506;0.3934735612370592
8;0.0012780813128833;0.1072386487195616;0.1245950152195021;0.0315155132802051;0.1317388888104584;0.0650154798761609;0.061425246833182;0.0571428571428571;0.0487671676307907;0.0065690434445741;0.0811728046477535;0.0422545689122399;0.020005499734391;0.0024633912917153;0.1132692741962214;0.0257605065072981;0.0735968551173469
80;0.2844014971446253;0.4366267920140756;0.4685069878366867;0.3572905688418772;0.4417894078645684;0.3976111866830787;0.46227776599838;0.3887753825345658;0.385669235364116;0.3558259171796724;0.4128701514775763;0.3785578957000112;0.3684806709488779;0.3608917759094513;0.4761093729702704;0.3590493784017281;0.3939300225304596
81;0.2857142857142857;0.4426551184755313;0.4738195994489527;0.3582207170529847;0.4422096109212537;0.4045027764511084;0.4683608879610817;0.3984716297359099;0.389294170812575;0.3565966032056801;0.4142713009601451;0.3935253292506296;0.3718362174576823;0.3672893315484;0.4779077339348209;0.3675506339197288;0.3952007740749724
82;0.2857449973925491;0.4442840379453821;0.4818383513278695;0.36587565691897;0.4457747880752528;0.410286165380802;0.4697731794130521;0.4052251383885722;0.3957861710773574;0.3670692029869928;0.4322901285497926;0.4025861678039985;0.3726445681625384;0.3673536849017913;0.4793999963627385;0.3747723414959929;0.4054666780550551
83;0.2863919836743399;0.4480946779568668;0.4824705692449211;0.3675025275486537;0.450402324622159;0.417516958516897;0.4878693813076084;0.4096457088517005;0.4028345408433575;0.3714707488222583;0.4371960802653801;0.4176561359870357;0.3799619694213714;0.3705188592777631;0.4880279311985318;0.3825736512729051;0.4064572135971335
84;0.296311076338719;0.4490953722057933;0.4852305496726156;0.3760684114811571;0.4520659420524462;0.4192370037305765;0.4885865503787056;0.4104162671365511;0.4134437866865015;0.3727245764480755;0.4478774484291607;0.4190239233000731;0.3803572451251065;0.3732301592023233;0.4882537195695938;0.3830997677995193;0.4187807615519921
85;0.2979920641577526;0.4510408632458189;0.4956856862195095;0.378899044265067;0.4683212625062073;0.4235832534400701;0.4904840509637705;0.42581945702616;0.4158865813257178;0.3777736912878839;0.4530616761823757;0.4212758327776837;0.3887877618959927;0.3767331727873599;0.491670535258048;0.3884193686940396;0.4250920037860501
86;0.3021525745602657;0.4520432185070356;0.4971907254589245;0.3830414395319927;0.4740739855240301;0.4257169736148985;0.4910857038998348;0.4289412466909824;0.4261207988155093;0.3798959487704489;0.4551725904078567;0.4217029742372634;0.3996444104671099;0.3845691316357215;0.4975148046342334;0.3934466003835713;0.4309873185337819
87;0.3074037922114533;0.4525903424981209;0.5069941794469488;0.383789457368052;0.4765314025790417;0.4314257949580932;0.5112732443520277;0.4307688681542231;0.4294539483933797;0.3816138844435707;0.4571224157277535;0.4338494524434463;0.409921045930453;0.386504750430706;0.4976997939066581;0.4014847008606223;0.448960725633679
88;0.3116208661190408;0.4525984736663273;0.5103683132795405;0.3876062173740823;0.4804423844338938;0.4535771424362533;0.5115818386340928;0.4435185266405332;0.4313427911565742;0.3879468366719927;0.4600562098617614;0.445890510872851;0.411397903351008;0.3876665282639927;0.4995095830559907;0.4076154400231168;0.4525529055874797
89;0.3180137342392468;0.4672684292205461;0.5119310736694309;0.4034088855717727;0.4911684827068799;0.4542889619297984;0.5234492230154477;0.4567378230768688;0.4356301761052842;0.4037602159957478;0.4684683434890749;0.4476190881978153;0.4225637711616259;0.4056297957519006;0.5001116131763299;0.4174321699896137;0.4602698549198413
9;0.006303102656041;0.1079907559199841;0.1331513191785351;0.032297796935823;0.1480523353013625;0.065616167807478;0.0841264609572234;0.0594792416968721;0.0513073212784151;0.0227366439401392;0.0859953455664548;0.0685935762668685;0.0224919998027098;0.0193642230686353;0.1212724169080223;0.0271034408143974;0.0750891359893583
90;0.3185097003398754;0.468172045380861;0.5139941970328149;0.4125986205477778;0.5056789774142166;0.4577578298825991;0.5270791782105073;0.4722333520305343;0.4460470531575264;0.4110614884320116;0.4778354483038569;0.4661328137589756;0.4244102673320867;0.4197988709847881;0.5008918178492718;0.422306823384196;0.4605328720525932
91;0.3197467306214644;0.4711623191940796;0.5164064972600181;0.426511426736759;0.5135664914586457;0.4629161670072815;0.5361832735332447;0.475838081936248;0.4461577198096541;0.422449417932166;0.4966074872368989;0.4735059658224375;0.4381779915178356;0.4266090166537692;0.5070513439770975;0.4311831031101338;0.4765928356048558
92;0.3351354454463235;0.483854382598705;0.53426782564799;0.462281399628548;0.5223547183079902;0.5276792296329849;0.53641407480694;0.4857028290026538;0.4577578298825991;0.4342386319813682;0.5047683190669673;0.4860169044981912;0.4513386555051251;0.445324393753863;0.5364244391828367;0.4723434399995829;0.4899488604237497
93;0.3412337298585853;0.4853540084519909;0.5522771405500908;0.4627160488557266;0.5226843510577616;0.537025420234539;0.5410601697168139;0.5894073233941527;0.4753783322232828;0.4802037209896472;0.5395738234790988;0.5582295837620924;0.4518868007280905;0.4811261304606298;0.5388987072258198;0.4853598970783193;0.4941861451459377
94;0.346134308021618;0.4940334358161248;0.5766783681531852;0.4925902405931686;0.5273576682432725;0.5734540843991811;0.5512264843319897;0.5938149260475115;0.4800834455799461;0.4922554678182284;0.5489043470461309;0.6087595874350709;0.4912790472246531;0.4842769758444425;0.5399401709542372;0.5021423255893832;0.5436745671330622
95;0.3711065436625632;0.4969858923959729;0.5876293539011833;0.4965333719018726;0.5420414411273767;0.6087595874350709;0.5615263781802401;0.6957252427829381;0.5332478654480475;0.4968290917415314;0.5797710356524485;0.63015516240719;0.5057030268067917;0.498504559617111;0.5521572175597603;0.5022760709845178;0.8383383833392812
96;0.3746068855568882;0.5345713809801704;0.5903106266321262;0.5156896810024921;0.5587645355730559;0.8862434338158116;0.5922685330109294;0.9221722216732094;0.9221722216732094;0.5096995600425711;0.7784570702436183;0.9700772721497398;0.508859165054867;0.5033663166328673;0.590979872147111;0.5085477428653152;0.8406680016960504
97;0.3858235431003076;0.5982275489491261;0.6114593065129593;0.5664953157345618;0.5600520114154698;1.0;0.6067876301395845;1.0;1.0;0.5729386200536537;1.0;1.0;0.5801551208910367;0.5641757261796886;0.5934130646451495;0.5672685122528528;1.0
98;0.4327663620525061;0.6289339013798532;0.6347419188140273;0.7247137945655605;0.612494651006518;;0.6264830868074802;;;0.7247137945655605;;;0.7247137945655605;0.7247137945655605;0.6229491051609892;0.8263621207201486;
99;0.4646436908935498;0.7247137945655605;0.8696565534786727;0.730552019767088;0.9276336570439174;;0.9276336570439174;;;0.8263621207201486;;;0.8263621207201486;0.8263621207201486;0.9276336570439174;0.8406680016960504;
