;0;1;2;3;4;5;6;7;8;9;10;11;12;13;14;15;16;17;18;19;20;21;22;23;24;25;26;27;28;29;30;31;32;33;34;35;36;37;38;39;40;41;42;43;44;45;46;47;48;49;50;51;52;53;54;55;56;57;58;59;60;61;62;63;64;65;66;67;68;69;70;71;72;73;74;75;76;77;78;79;80;81;82;83;84;85;86;87;88;89;90;91;92;93;94;95;96;97
28;-0.095391341625206;-0.0823531366217987;-0.08227832521562108;-0.07327974329170048;-0.07053631209652583;-0.045259416854908446;-0.0444941461351959;-0.039961680954492866;-0.03903613869000133;-0.022113088859945527;-0.008408132350136334;-0.008295199700139285;-0.0026080256106510076;0.007361305773282727;0.01100150735502187;0.016751649382448056;0.01889277913371299;0.02336553116241379;0.030011343834231236;0.03526441267942605;0.04088394838366232;0.04438970717590909;0.044746039454342065;0.05147279614911128;0.0563394252163199;0.07065145182877403;0.07119418826022474;0.07142857142857142;0.08221438247010039;0.08310271028804272;0.08495166541983178;0.09127204210757611;0.0941968373522265;0.10421820551340694;0.10850116594269318;0.11042311661506708;0.1106070399716815;0.1124083138109506;0.11434081973592872;0.12026635059207935;0.12182544982988398;0.12292893724230927;0.12305548496269068;0.15091007688906363;0.15360900758399712;0.15662668364735952;0.16971534540155137;0.17253240834594663;0.17294513242766435;0.18070938163565392;0.18267739273804268;0.1851389462272558;0.18946311649373215;0.1905109209050629;0.19053168390663364;0.19545322777484722;0.2044849522194185;0.20524508606583836;0.20654039411788516;0.20665276110277211;0.20709742457054417;0.20793306173520404;0.20900751223058717;0.2096295106621931;0.21339235545831467;0.21586751130539103;0.22197546523006953;0.22372162736605694;0.22405363926061558;0.2376749641346708;0.23816293163866342;0.23981617783819964;0.24273976523448992;0.2431775890600616;0.2506045849283071;0.2516549491392717;0.2521794452628351;0.2588416562128803;0.2591549935209452;0.2630709545326792;0.2643465558566811;0.2766755063466782;0.28310889267000694;0.29006646132936914;0.2959634252412583;0.3022610813758955;0.3174580430950448;0.32835874319591335;0.3383283235107409;0.3534607421294203;0.35997566190785796;0.36428571428571427;0.38092815134471447;0.4030772879557222;0.42809129424089537;0.5217939320872036;0.9700772721497398;0.9999999999999999
26;-0.07034350688564839;-0.042976516344538064;0.002457009873327281;0.011361349238991472;0.011749079165239427;0.03508257664100827;0.03868643492919534;0.041929335059751195;0.049899232139505756;0.05083277948968043;0.06140672580841641;0.06644067015464639;0.06799646772057324;0.0748096277895771;0.07738579530811177;0.08144152702351101;0.08638801442250846;0.08710720840581328;0.0934065934065934;0.09464905744632296;0.09546313932628674;0.1031770910781295;0.1035781492739534;0.10858502349318921;0.108787563138244;0.11605196417802577;0.12130148776536799;0.12281160739517258;0.125;0.12617869061031028;0.1282230418651736;0.13005446284572203;0.13397048124262498;0.13403629658283653;0.13968503136622443;0.15251210955007696;0.16165764340444183;0.1619758474969197;0.1624939362608135;0.16445074890942374;0.16508701729968855;0.16518968513971818;0.17569895341636704;0.176210157861365;0.1785714285714286;0.18218142206645618;0.18318154462799655;0.19066435626701161;0.19156274506947688;0.21588117955867467;0.21961737200473028;0.22513397664954285;0.22630417804783157;0.22710043410360833;0.2282108688226507;0.23266709211456044;0.23468251655349953;0.2362579678073008;0.24318923984169147;0.24467949608619027;0.2518356806621248;0.25711694291735254;0.2577473410651282;0.2612309527418447;0.2617329912955215;0.2656536317896074;0.27172242369334454;0.27663615085973936;0.27735562527043706;0.28311212976784156;0.28701754477185626;0.28909587577022994;0.28918098025588707;0.2962200789858944;0.29824516178414845;0.30013259146844423;0.306470666501481;0.30717029707036103;0.31194526909588827;0.31413325097944406;0.3147811422432541;0.3236992484973928;0.3326978276183361;0.34336343481688286;0.3442084198050603;0.36678624188763276;0.37737213098683053;0.38102098167972015;0.38875488489923565;0.3963426261976269;0.401737189246245;0.4271972343568324;0.4392890929255572;0.4638168285219587;0.4861382570336465;0.5556705644784874;0.9940297973880049;0.9999999999999999
21;-0.0393121579732365;-0.03199174406604747;-0.030655536074679458;-0.013789541657823826;-0.013277221290586947;0.008928786727915054;0.01454118727991732;0.025605410168963824;0.028413449257580135;0.03521214076019994;0.05528838897723197;0.07014784703542312;0.07728151952189437;0.08152337927525778;0.08584552875937092;0.11252429365126743;0.11348055971836721;0.11636349407751989;0.12185566599972233;0.12254181578976091;0.12474611742344768;0.13880074900001835;0.1460845030172488;0.16525960359372519;0.16621459954111553;0.167843530870223;0.1736510587559967;0.17825326786106058;0.17902205058012433;0.19038065290880726;0.19317263900353002;0.193881612481782;0.19438826947535168;0.19502020910696802;0.2023842668695037;0.20359331064219122;0.20508671390839778;0.20685447276752295;0.2087912087912088;0.21428571428571427;0.21464954367782305;0.22596506668471766;0.2274304374973349;0.23127439218278675;0.2372331468778055;0.23915837484256194;0.24794622126327598;0.25;0.25104822262671694;0.2538669424127013;0.2560572786251226;0.2625871417758913;0.264530025630827;0.26751512222241824;0.2697438631783609;0.2701845345614474;0.2705168561701951;0.2720854827565638;0.2824399377309973;0.28656922996355483;0.287329845704228;0.28817307226457645;0.289860157922032;0.29261930302892597;0.29357459493393934;0.2948920812393839;0.29532151263485784;0.30504682855059334;0.3065811494875122;0.3128259728482764;0.31759258899100945;0.3200094816518935;0.3242802136159184;0.3320311898787561;0.3324113893205847;0.3376464433567565;0.3401055612823888;0.3517206239653737;0.35404423702040355;0.3626304371943436;0.36358704406800785;0.36560334613651196;0.3666497435476385;0.37363441717327933;0.38747530956773507;0.3881973766240789;0.41052960041483827;0.4142314099735434;0.4391548703240881;0.4500465747366796;0.4631734617735662;0.46567012938686453;0.4858251456595309;0.4919091530340655;0.5334375511330127;0.6087595874350709;0.8862434338158116;0.9999999999999999
14;-0.08895579664527521;-0.04804647057220762;-0.037381961423498075;-0.029927760577915376;-0.010015225839816313;-0.0003556398559978647;0.0;0.0013134066191887203;0.014742059239963684;0.021978021978021976;0.02491749691978018;0.046628108468000834;0.04903664637407522;0.05779903549047081;0.058949702147931556;0.06065506558311741;0.06303102656041028;0.06961185128548542;0.07142857142857144;0.07531446678801507;0.07677325336614887;0.07686890545395453;0.08769673856703993;0.08910254069062076;0.08954310061843825;0.09986787143771769;0.1045261898354263;0.1128129175403082;0.12211601036044528;0.12389610696477528;0.1297436070358475;0.13102424497423346;0.13354935624351083;0.14084856304079976;0.14208227015820724;0.1452365128276584;0.14951858197497175;0.15481264278204424;0.15852756522390637;0.16208525162313675;0.17979304311203415;0.18270924474843767;0.18346185303599655;0.19777317402465075;0.2094348662463821;0.21362309509750493;0.22073266322889254;0.2231414661885712;0.22501777128118827;0.22644388182079622;0.2271299772080441;0.2313887532812112;0.24040139573904717;0.24142284095708946;0.2434175865293406;0.24759065049515222;0.2500718461942823;0.25313182648414334;0.25361195750878524;0.25507370062112594;0.2678571428571428;0.2684506113550181;0.2700474393541785;0.2722013281098928;0.27390510050984856;0.2746133884018272;0.2786709687033401;0.27880225426554084;0.27915893571237255;0.2823848210465599;0.2837596735400289;0.28556513439720776;0.2856420243091705;0.2856431022465055;0.29676766932530163;0.29940899950320654;0.2997304718358334;0.30071273927792574;0.30253241043355567;0.3055259463659907;0.3066565805663863;0.30921710992370455;0.3235117480202938;0.32598498959795974;0.33862536542849786;0.34585639350403474;0.3667800433713377;0.3693011009701675;0.39862088680784424;0.4007365984884711;0.4183686604997815;0.42788904001513667;0.4519152452860296;0.4646345332351464;0.47654678744003853;0.6957252427829381;0.8982196964349441;0.9999999999999999
1;-0.09803944835928416;-0.08194033452853339;-0.04914019746654562;-0.047860524943564214;-0.033958905427861195;-0.018421395728214905;-0.0097309743564481;-0.006123032866491349;-0.004258693641143678;0.016414306161457552;0.023735810113519093;0.04007714568401305;0.046706582756062036;0.05337347798716512;0.06270064409673094;0.06906248177218359;0.07911255468541455;0.08092578494757124;0.08995449787992393;0.09451700190303727;0.09487962567099663;0.09572669946387354;0.09776183012643232;0.12530465769585034;0.12600524302913288;0.13567542537661897;0.1379692102815321;0.1387371353819452;0.13880807205627269;0.14442179514844342;0.1452418698784742;0.14593842958387368;0.1549922451331278;0.16228885254479855;0.16457651895133196;0.17049108209860933;0.17926683450947115;0.18410202992625907;0.18552034645779056;0.18692959237009027;0.1899083896138389;0.19108419128726142;0.1934371132797174;0.20182355602499044;0.2076851786285557;0.21577480449611516;0.2232656469719958;0.22353320755298575;0.22420076562090438;0.2277098906325298;0.23115676436847654;0.23541939353017738;0.23789541235355313;0.25024696760045273;0.25730295032318234;0.259177629892361;0.26118788132661747;0.27477936930797164;0.2764059698450056;0.28418116568246715;0.2920558890787818;0.2935682571660875;0.2974270868716128;0.2992012284917806;0.29920691112015185;0.30394397711793963;0.3041579927513745;0.3102716372473424;0.3189527151650628;0.32347439888784096;0.3283143085297573;0.3289082752688562;0.33291398955138923;0.3342033169350297;0.33542968426203656;0.3365132181969408;0.3458402371332971;0.3459455733673249;0.346827053249596;0.3504758000553161;0.3622114357634428;0.3698960185776079;0.3728032160282336;0.3739600530652431;0.38249531470890114;0.384942307899418;0.3943759765142393;0.3979600066418185;0.40918234559827715;0.4107142857142856;0.4552690322195915;0.45985721811922964;0.4658797697967121;0.5120672487759137;0.5407220984581941;0.6087595874350709;0.9221722216732094;0.9999999999999999
13;-0.10047340294560804;-0.06633926657983659;-0.05882352941176471;-0.029636654666488724;-0.02786695293188042;-0.021978021978021976;-0.007864081642499741;0.003880097131730305;0.009424830435021445;0.013068390679169595;0.01895063314736855;0.02345230913542728;0.03910264969760103;0.04265098898904548;0.05754344127105154;0.06330507450197731;0.06497497166531088;0.06767037580446252;0.07261068662603821;0.08638356104213907;0.09352606761992167;0.0950534452718806;0.09554820418184418;0.09825070560111693;0.09937340807916645;0.10108461292805022;0.12897925072827213;0.13274252461728997;0.13621868808008286;0.1369178454037041;0.14022296964028091;0.14061730392017555;0.14447773872635147;0.1491871079181472;0.1671926023911629;0.16993878412115962;0.18373514812478714;0.18393990725640613;0.1902955574523755;0.193198974395776;0.19733711923199632;0.19806795597382337;0.2024002838264211;0.20772030068786296;0.21428571428571433;0.21456484092786582;0.2172482338365962;0.22100894784307934;0.22594340036404525;0.23201043209894665;0.23474514430771726;0.2358385880636153;0.23944255716935958;0.24140556616735517;0.24653506920076662;0.24789775749889134;0.25199198724520905;0.26217957327324426;0.26410527267788225;0.2643890791549215;0.2665547737042058;0.2694302659835003;0.2752941386916179;0.27701852342241834;0.2788682389695976;0.2830736481511835;0.2838468233169147;0.2866420223412715;0.28713928904510916;0.2909980030043049;0.2955657678635876;0.29799618354603175;0.29806452513759146;0.2983402206349757;0.30432871241922743;0.30642110036604475;0.3071185299003474;0.31191713194430276;0.31541567293120576;0.3178571428571428;0.3192091690853086;0.32333470512968365;0.3255656246978967;0.3312251652198352;0.3382657128298248;0.33834831898122536;0.3442230616209145;0.38244008177489003;0.3931135520909632;0.41711341214711284;0.4209252167099571;0.43524872417020594;0.44087376130884615;0.472905630437068;0.4904643247692771;0.6957252427829381;0.8503146459584138;0.9999999999999999
6;-0.0649457814876274;-0.05780413210540803;-0.05345795362311984;-0.05208228393241803;-0.03650589478255143;-0.032431367636240147;-0.02352845299625659;-0.0195122020229612;-0.013138086889148338;-0.009828039493309125;-0.0010319917440660476;-0.0008530269343749595;0.004978957983970105;0.017556413246588635;0.018267312249052578;0.020597151129185167;0.044555195080875735;0.04539779735573728;0.04762019588221362;0.06183831222196418;0.07142857142857144;0.0717094661700887;0.077926086128659;0.07826943408456308;0.10046068088406533;0.10989322456836752;0.11262351329505094;0.11307855073325054;0.11907536554192341;0.11972127858467979;0.1246455543992413;0.12552411131335847;0.12572027105808015;0.12637362637362637;0.12650616756132885;0.1267309197235878;0.12929485921899775;0.13163842621692637;0.13435282131281875;0.15320930776516303;0.15917675692799707;0.16089038856741048;0.16576894011391527;0.1690607929907902;0.17047375320705319;0.17060804255914105;0.17268815084904993;0.17282925257393006;0.17891031634652768;0.18747264462869445;0.20230359513247292;0.2042235073991243;0.20626778559659661;0.2092502265719961;0.21589622025214822;0.21677985346631165;0.2244102076398723;0.22484634538633577;0.22704020363136293;0.22921237029028096;0.23046855326901663;0.230747762817772;0.23165489358228777;0.2316964715584095;0.23183806436321808;0.253682136526012;0.2563847469982693;0.2580917321412363;0.2603842501227012;0.2624390731457534;0.2651210705378712;0.2717666090548877;0.2723236659065776;0.28240300849810074;0.28273894771961805;0.290380553812777;0.2930270898128516;0.29708287276416473;0.3014854200735842;0.30357142857142855;0.30657579507986343;0.31145005372288803;0.31294893416752645;0.3206607495591893;0.3208561037436249;0.3270783037420593;0.3274571082929104;0.34971575452194126;0.35485755943100156;0.3576483917627423;0.37509761887137794;0.3915646424937968;0.3951155676230983;0.44835072594016767;0.45231996320025286;0.6377481392176932;0.8024095954818835;0.9999999999999999
8;-0.08845235543978211;-0.03199174406604747;-0.021826275716551914;-0.0030615164332456744;0.007955131917069286;0.018019017126413673;0.037342184879775794;0.0378776825454533;0.04225456891223992;0.045291374077753924;0.051521013014596245;0.05265849961827638;0.05621437056948292;0.05757541385100374;0.07142857142857144;0.07626022680400776;0.08048406089657997;0.08085512425834188;0.08127390283616746;0.0934065934065934;0.10543806031875168;0.10618369562917866;0.10638026483728986;0.11588241656978614;0.12012885095344511;0.12316746810489546;0.1268419077210186;0.13126152005397312;0.13234265146301105;0.13679441178976912;0.1422606594884729;0.14457847721294725;0.1710087076807903;0.1849628630119749;0.19166011331094068;0.1924958311586801;0.19540016943742428;0.1969650112652298;0.20221455630008003;0.20303678649388673;0.20757132660649869;0.20952343970005546;0.21141962009256027;0.21348787220137724;0.22129092221489421;0.22357153893284742;0.22494397929445797;0.22993237583090254;0.23873413531655494;0.24323597059921484;0.24568064994461827;0.24619297817667382;0.25243351570638106;0.2666979343808922;0.26949724135510045;0.27540301085999486;0.27723163645699;0.2802433049313707;0.28073751953498216;0.28105352692643903;0.281181014795307;0.28227812733297103;0.2836214994899427;0.28571428571428564;0.2861918774818056;0.29333650624427066;0.29364105703905397;0.29458436499937646;0.30530238445329444;0.30674417051201724;0.30884280192415364;0.3121292660432111;0.31613286644768235;0.31732596899745663;0.32310349582346076;0.32379442476087483;0.32391494030703594;0.324549468423706;0.32548610093005215;0.32955214255134035;0.3382483083260797;0.33989788777938573;0.341772195794137;0.3494115224273989;0.38141733799691646;0.3860628661282344;0.3923536922298422;0.4004005436553021;0.40088056127066657;0.4024090144693218;0.4164646512905385;0.4355757767598253;0.450678127690834;0.4784692260892688;0.504124129925752;0.5149792926227014;0.6957252427829381;0.9999999999999999
30;-0.14496358252630956;-0.1250547630182869;-0.10510469511318671;-0.1036731347852359;-0.0860007798066285;-0.05116867447729588;-0.049450549450549455;-0.044434948490622884;-0.043655117618156214;-0.042654903193001976;-0.036275085282016756;-0.030509906712037967;-0.026672989199839858;-0.003528571129217983;0.013428349136783063;0.02189837005604794;0.022973794073357204;0.02417424939294994;0.027453302757485767;0.0327553594532799;0.0397948045147784;0.041230564848386504;0.04437692247286346;0.04725850095151864;0.05305575323011719;0.0573957000118852;0.06020932449017765;0.06733151486248434;0.08132539343228283;0.0948493584328642;0.10127904965731077;0.11617520277952513;0.11769969067090694;0.12676370673671977;0.1291065440203159;0.13426772743199747;0.13490034301482584;0.13828096056704564;0.13957983935050947;0.1416243464563734;0.1423134095987249;0.14285714285714282;0.14457893132920657;0.14787612573440564;0.1496388028895769;0.1519355632637912;0.1616526605957038;0.1617034536758962;0.17198602807988309;0.17407794626703865;0.1776958946292139;0.17844594025645413;0.18338254880225072;0.18785780788969683;0.18868395422982026;0.195347357850478;0.1968933318157134;0.20035345115093567;0.20113071945164732;0.20239011908337887;0.20380517101301937;0.21105052626781198;0.21793573665282548;0.2183652694311645;0.220177781834837;0.2202274861903111;0.2249763962921229;0.2362497313868029;0.2371261984170966;0.247106167476608;0.2492514179641922;0.25001750884198665;0.2521435023287957;0.2541011888904906;0.2549833285563634;0.26620920409096754;0.2665621167281309;0.2790276397222096;0.28526990218990744;0.2859703374395683;0.2971390103151988;0.3025619537068433;0.31635267860872085;0.32724038750398526;0.329713162296889;0.33535500602810403;0.33971315052338086;0.3439179794049272;0.3459185191161405;0.39153421504621105;0.407713662040973;0.4162443579018633;0.4387703173609555;0.4638168285219587;0.47082922152201734;0.5159798098728811;0.9221722216732094;0.9999999999999999
9;-0.10565142455307307;-0.09685524716086315;-0.08978328173374613;-0.07142857142857144;-0.03576639987415414;-0.033525821739077845;-0.012527231355427439;0.010989010989010988;0.017782056030777448;0.026544639040445718;0.056665283722326446;0.05719533663434146;0.061452121417885336;0.06239360591076203;0.06319382250514645;0.06694619270045785;0.07042428152039988;0.07957033456662826;0.08012903747357682;0.08207027943901835;0.08503577358792117;0.09152852644005552;0.10565730961366147;0.10986329002325146;0.10998150243761903;0.11082470873919507;0.11100287563251661;0.11277184033053053;0.1230168236572858;0.12628774172283386;0.13585060140705468;0.13702549700160593;0.15390963440080285;0.16114018964139673;0.16414076751978124;0.1669899446489832;0.17231703414937122;0.17304973420924843;0.17344279313475774;0.18036497541581342;0.18486906409317252;0.18703520153147957;0.18885529211052482;0.1898626211068583;0.19104573704811417;0.19349580334040567;0.19527127803366431;0.19879540616780247;0.2044827597868035;0.21037956140222044;0.21313989072333328;0.21541818150913775;0.21580001522160874;0.2193811894235168;0.22417503433008;0.23183674029915072;0.2357355551695519;0.23985702748532697;0.24605180721262188;0.25451769756867954;0.2586468462154299;0.26149039564151;0.26163890102432363;0.27193090864904523;0.2795472761867898;0.279651978243856;0.2810699633095694;0.28335394351426313;0.2847470665030732;0.28774785703211253;0.2888782461647119;0.28928571428571426;0.29349005497762887;0.2963425770003658;0.30063076757999435;0.30109056206733414;0.30517144373374344;0.3074444996684374;0.3077169930815204;0.30916593495202216;0.31397684955570626;0.31794223865716215;0.3188740696088466;0.3202502675599719;0.3224504258708253;0.3566635518786255;0.3632842562725402;0.36400555159685455;0.3902214471575666;0.39484150978942434;0.4009367166400259;0.4023241058792351;0.4237343331168214;0.42772951822714017;0.4559282136189444;0.46133335148049026;0.6347419188140273;0.9999999999999999
7;-0.07692307692307691;-0.05282605770011728;-0.028848762656959577;-0.003011968253186317;0.0;0.005794674444239711;0.01347969951272634;0.02811487237298597;0.03199174406604747;0.044147889932468876;0.049496603571665965;0.05645387596280226;0.058173909673592344;0.0617869680164127;0.06561079186309436;0.09104806173433343;0.09353328212743842;0.09573549439854692;0.0966465278302661;0.10313080600599052;0.11575736387428336;0.11872751859778108;0.12454935730682602;0.12566640520312705;0.13251621017660145;0.13359519010683948;0.13446935150359635;0.13463506282935714;0.14938311071978455;0.15014268529886948;0.1522182566152394;0.1594519710771084;0.1706102219068007;0.1755735399791651;0.1760607038009997;0.17994531805531683;0.19100486506030498;0.1929447705549732;0.19584050650382923;0.1968955070052869;0.20151181126746032;0.20180745777640555;0.20645672017345673;0.21253059689001758;0.21316638114042022;0.21428571428571433;0.2159147940295293;0.21815142345710153;0.2218161286271863;0.23386485301850574;0.24104176673142497;0.24319916467290778;0.24352904067456582;0.2459288272383599;0.25125287486515874;0.260970002336814;0.2625282163544045;0.2668430619488876;0.2695542599076503;0.2733006977999949;0.27332801264999834;0.27487241695774267;0.27526032930885824;0.2853231172413478;0.28536312519921414;0.29070162942647937;0.2928571428571428;0.29299141364013315;0.2932919326931528;0.2953255224081791;0.2995491002297987;0.30107541626073775;0.31079726631128246;0.3133090679895384;0.3221413107915107;0.3224760028599445;0.3233960052942735;0.3246586265860324;0.33063517655257785;0.3461162453656476;0.3494847318185585;0.3535969393385696;0.3579657817134391;0.36725008381141266;0.3704765625609824;0.3835101114251735;0.38652680382183413;0.39937119418315786;0.4125987776562675;0.41347433395044525;0.4509376662213589;0.46559007696511673;0.47078019083909384;0.4779406845023097;0.5177839350822269;0.6107893935757621;0.8406680016960504;0.9999999999999999
12;-0.10565142455307307;-0.0739017387514594;-0.059240701849805136;-0.05675954592363261;-0.034795112109446226;-0.024306141648213205;-0.005493583793992069;0.010787742298601896;0.012074124007980516;0.01889299122666253;0.021146080220747668;0.028389246723002748;0.03218395043274671;0.039988327928435374;0.04805385063645605;0.0693153248132439;0.07127065373623355;0.07142857142857144;0.07296682404461557;0.07444433727479532;0.07531446678801507;0.08742402454198073;0.0915316992759659;0.09224725123540531;0.09296992055722175;0.09475414771225502;0.0995332217305042;0.10215465790989169;0.10346486215171977;0.10413821779546048;0.12016216907035633;0.13380613488875975;0.13486267322779735;0.13711005632477338;0.14820842135813575;0.15978980333653645;0.16007383897964067;0.1635139908558094;0.16534595512600986;0.16830859669872464;0.1731929674946764;0.17379343240167852;0.1745997094135482;0.18835031020629275;0.18902915034342965;0.19479338613864852;0.19522740749188755;0.2088635861609142;0.21290407971103326;0.21428571428571433;0.2212732835129402;0.22137284387664952;0.2221025525023238;0.22551501772385277;0.22830465696980135;0.22872345746026232;0.23110260963401627;0.235950599991629;0.24847678469786236;0.24980047793652618;0.25255787560799525;0.25975861206187256;0.26757793394400126;0.2696249986204472;0.2702775277713971;0.2713716594906166;0.2722115126095216;0.27655419737096326;0.27935724475371;0.27987674999863527;0.2804510047194935;0.2822189947586833;0.28943805540625284;0.2911783594577835;0.293586389874032;0.2976037877513631;0.300786331065713;0.30133206615362707;0.3099124600114956;0.31396955942863236;0.322144579115167;0.3235797516769329;0.33862036864316;0.3395112965456378;0.3607142857142856;0.36100133895072894;0.3875831801869452;0.38892797770613374;0.3969069138280051;0.4097670613871558;0.4144789308057721;0.41487011426040343;0.4181325835200555;0.4206189059503207;0.43354521236568816;0.8263621207201486;0.8406680016960504;0.9999999999999999
0;-0.18368839120744135;-0.1626452838913352;-0.16033341240292429;-0.15934065934065936;-0.14196312597932817;-0.139438157550553;-0.1302215232863459;-0.10227845940695052;-0.09106775425373508;-0.04305436847857045;-0.04132680459969448;-0.028652740116890264;-0.02708359435960871;-0.021710438123186876;-0.019204552223884695;-0.012880253253649061;-0.007586995194095056;-0.003139256229587962;0.0069307582958775165;0.007486350348590064;0.011361028018925351;0.013494730014579842;0.020637138700572988;0.02070593889923368;0.024984164697547967;0.025629387991347893;0.027981176462067242;0.03266571629577371;0.03676938166220591;0.03994999873745706;0.040364410751999244;0.05449186649207369;0.05975254244759116;0.06229238456042474;0.0681581710748632;0.07060060936724556;0.07583350603249099;0.07767318714953614;0.08359133126934985;0.09111559190938753;0.09503550977065282;0.09787659199869121;0.1024097546925043;0.10272007951005174;0.10892738462074378;0.10893663712252165;0.11482974116519695;0.11861545571224834;0.12365737883024427;0.13161863662921064;0.13176432451468947;0.13284691808077223;0.1334999518955965;0.13973615064475034;0.1418962227098346;0.14789099119283972;0.15664068029613223;0.15673366520682527;0.15844077327062336;0.16107929707612936;0.1647361030017931;0.17272903623206493;0.17436690450023185;0.17543250087103138;0.1761629078768054;0.1839964697574244;0.1849999970093577;0.18914764850471397;0.19006978014027553;0.19050977666339014;0.1958678851366301;0.1988460502475308;0.2071428571428571;0.2213029807429071;0.22995795855648718;0.23431167445160245;0.24134493781447405;0.24147084856295303;0.24154815395323992;0.261889290127274;0.2634699678982448;0.27584007999556415;0.2806149735320277;0.2868559082859724;0.2935590481272845;0.29970677946808527;0.3001838034144942;0.3189311569636086;0.3264726346632323;0.3334219829886728;0.3719777113667548;0.388489916837339;0.39151173239352943;0.47858738689695585;0.5904475887378181;0.6957252427829381;0.8024095954818835;0.9999999999999999
15;-0.12487100103199174;-0.11800754251783327;-0.09970478512838477;-0.08241758241758242;-0.06064681965500618;-0.042696767121959515;-0.02457009873327281;-0.02293454429587558;-0.008517387282287356;0.0;0.0027874967795590115;0.00877908634931408;0.01279691043068977;0.014173708818801247;0.024169096473957184;0.027977002005165355;0.03437693533533017;0.0456101726367563;0.061811751643300515;0.06586861802906992;0.07454104010622434;0.07664738123074429;0.0767051733350901;0.07882476183536023;0.08410431906448794;0.09155156597651984;0.09433914133532324;0.09567039575424746;0.09666765045649672;0.11008276326816993;0.11744604336322802;0.13088714536028573;0.13878322521165362;0.1411196540930226;0.1512728724622129;0.15773500211990898;0.15813270945166108;0.1645700575001428;0.16783287044426956;0.16785714285714282;0.17139497108580481;0.17475342390737694;0.17726082035094767;0.18580112483232036;0.18655701233664299;0.19025834541679099;0.1970437892983248;0.19714505680881975;0.2005742703987254;0.2104029867475427;0.21103887819190292;0.21553070739973396;0.22196572994222616;0.22717863968497345;0.2298891962152495;0.23166440737041016;0.23287541669733644;0.23431167445160245;0.23479536743884724;0.23503958911483583;0.23612781970722752;0.23629998794399554;0.24106449774158242;0.2411399936560331;0.24386686903628305;0.24650435328092188;0.24818035216352183;0.24913405671614894;0.2491958031461411;0.25;0.25561420697540865;0.2624692472552426;0.26309043517274705;0.26901606203194;0.2826149867809214;0.2840753926000033;0.2861458866292181;0.28757226148087894;0.29317048827595077;0.3008856646941767;0.302172186416761;0.30732800087929696;0.3113470841479309;0.31157508224330466;0.3118103955992578;0.32022606811619797;0.3366595881096841;0.37300594034444995;0.37434341745701155;0.4007060720731654;0.4050469677239559;0.41265640423140154;0.4208766381230844;0.4506790658065257;0.47021623812729674;0.7247137945655605;0.730552019767088;0.9999999999999999
20;-0.0829341734877489;-0.06557540359087942;-0.05059645812485197;-0.044226177719891055;-0.015080943972930153;-0.013988501002582678;0.007246300280212173;0.007857343302130762;0.0100897588201636;0.044120125627199795;0.052631578947368425;0.0746337550798643;0.08599319522428717;0.09155709768655584;0.0920623792143151;0.09287107797929949;0.09491773151563639;0.11433814549408716;0.1179503606531194;0.11930780824897332;0.12112919017261457;0.12358205345675262;0.1251773445281974;0.12637362637362637;0.12650616756132885;0.14006188186746069;0.14104535545223051;0.14789099119283972;0.15107958689835763;0.15708478489086516;0.15714285714285714;0.16962872086177044;0.1699404721446632;0.18258731721772017;0.18308987550704006;0.18583577882805866;0.19584002932890798;0.20721715249650585;0.2113670970166152;0.2116552805647321;0.21173726310442287;0.21560294753939147;0.22492384255797127;0.22502990337446302;0.2280308899079957;0.22870881613441915;0.22999745353774767;0.23184312520619105;0.24222376070335758;0.24658016233736227;0.24726881063213269;0.24863426439634517;0.25810446775254287;0.26287362320179064;0.2649171106891042;0.26871315660242207;0.2697961703210584;0.2742617439412495;0.28011755678746075;0.2813375226668115;0.28192343612461235;0.28549990018705285;0.28823935922345917;0.2896963150305622;0.29385021224140756;0.2996008131165319;0.3039880456785849;0.30497630082421057;0.31023384734461046;0.3178352363023604;0.32201081955706934;0.3256622300393339;0.3341340765134827;0.3371590313674527;0.34077191513341687;0.34318724070653656;0.3442914942236376;0.35816928042643076;0.3593789107402401;0.371112588353476;0.3831262011516493;0.3839036955709155;0.38929008957234335;0.39090092023823997;0.4048390789871669;0.4055971014293733;0.40676344800223924;0.40940659780963246;0.42128489098033217;0.4267819784654187;0.42857142857142866;0.4872937242000734;0.49180137535489044;0.5143544180459639;0.555928296651251;0.8406680016960504;0.9700772721497398;0.9999999999999999
27;-0.11715583722580122;-0.11067342472935411;-0.0879120879120879;-0.07681623050689147;-0.07499657932555509;-0.07441918917289216;-0.0638531703851113;-0.055835457391664754;-0.04786334973193677;-0.036990349790623246;-0.031941128353254654;-0.00921340716034643;-0.007201843188394501;0.0007911579400365843;0.00644327446458433;0.007030589026005196;0.009661312268472591;0.012235419557705449;0.027143549589178997;0.02729627987904709;0.05375000877540175;0.061747057976362894;0.06270064409673094;0.06289621407805716;0.06497659392867867;0.07209892833082635;0.07599536046552516;0.08328145456067214;0.08878111851697265;0.10350331366914443;0.11093617645670499;0.1144913657694414;0.11975562009962856;0.11976404931815514;0.12280701754385966;0.12534669124636963;0.13157187491558112;0.14084856304079976;0.1413759692703595;0.14760984199339516;0.16601823544614572;0.17316660667200168;0.17395376775286875;0.18028522081754195;0.18546668062769245;0.18651243387200334;0.190366441999062;0.2032235957999962;0.20416588919488643;0.2079255007164915;0.21105196417860264;0.2167183069203703;0.2167735534500429;0.2175739567603539;0.21815393887550477;0.22522429881141717;0.22698580365985468;0.22721262842258547;0.2294462497870891;0.22965927997534308;0.22987320861467253;0.232055437559711;0.23226991795739493;0.232465123544329;0.24111111390504864;0.247213906013212;0.251936911022267;0.25707425498542713;0.26075430550329565;0.2669094702593159;0.2714285714285714;0.27468308738007924;0.27800607037983427;0.28083854224061483;0.28101721639266236;0.28169578943356;0.2867791593713964;0.2908091228748702;0.2919589982250903;0.29579906223760916;0.2961153927832559;0.3015055766277681;0.3070735145223615;0.307135358149491;0.3091110733837413;0.3251092542071204;0.32881936248752275;0.33769062017982693;0.3617900422066395;0.37904647442597167;0.38039807519162705;0.4058397249567139;0.42162796793601953;0.42499628845350235;0.44710319146221456;0.4930416464969139;0.9221722216732094;0.9999999999999999
29;-0.14285714285714288;-0.14205556448891643;-0.13759255290632771;-0.12552411131335847;-0.06909950509763516;-0.03878004846211685;-0.03433761066450652;-0.01562744878025604;-0.007438195040591173;0.0018435199462531078;0.019154332071874086;0.037075021755250126;0.04208404962641399;0.0422152808154911;0.04573880945771246;0.05208240080724759;0.059468403320039276;0.06599595437409479;0.06656891627820466;0.08169572004818045;0.0888555224537905;0.08888597055858409;0.08939698623285121;0.09155156597651984;0.09252332374498273;0.09997596067458364;0.10765022370764457;0.10789661279423728;0.1129461108439427;0.12633207156036125;0.13044620588249492;0.1337071106159975;0.13403572191242782;0.13437757773335207;0.13725490196078433;0.14371003897921678;0.14561321494775883;0.15177225120323024;0.15827736420811436;0.1600722838698714;0.16156389891807393;0.16483516483516483;0.1657269788511619;0.17018303215712366;0.17553099317033416;0.18176424857667584;0.1850051608115267;0.18551948305881355;0.18556198597326634;0.19013120072612405;0.20522356623230267;0.20869349475521257;0.21777328268928467;0.21883729576813524;0.21891684661041902;0.22867614897604666;0.23371496003176628;0.23654657436499815;0.23660065868894284;0.24574055992181468;0.24725757848297747;0.24727459480967653;0.25195032768670106;0.2593526669764749;0.2595758263570468;0.2605623795865641;0.26956265387649264;0.27545602361691496;0.2781562616655627;0.28185358657430637;0.2899284233259148;0.2916389123635988;0.2966895397408135;0.29877900927786705;0.30124928261896944;0.3035379150542611;0.3037938601685303;0.3060617501985799;0.31203257842201626;0.3125150492768088;0.3129267586131764;0.31789012293206353;0.32460051052814354;0.32499999999999996;0.32985503267388155;0.3371733214580749;0.35046778230903336;0.35199937869609316;0.3615587474609154;0.37474982709371313;0.38757812464035324;0.4048320582786432;0.4058397249567139;0.42860736802859745;0.4293983124368578;0.4296395319970494;0.8742671711966791;0.9999999999999999
31;-0.14477217577140825;-0.139438157550553;-0.13759255290632771;-0.07034350688564839;-0.05824783509264476;-0.04929699706427991;-0.04315580251825609;-0.006938952526557037;-0.0029560431132067302;0.007056859184374664;0.013453011760218132;0.019655265832924994;0.025724616250512214;0.027472527472527472;0.0361348443915214;0.03902008754275897;0.04967332050203731;0.05997976736058259;0.06370170730875067;0.06982392038047668;0.07228923860647363;0.07325067647485388;0.07399294422309034;0.07904288701020745;0.08464738004526759;0.09569697505267545;0.10216718266253869;0.10375391851425635;0.10441576373689809;0.11511627484874991;0.1157741433386372;0.12131729561453707;0.1223582867476046;0.1252410802625408;0.12651778018851176;0.138539370246379;0.1389587530620583;0.1405818235164306;0.14997525401588438;0.15558675643262912;0.15597969531389544;0.16201825982399695;0.16213499055620453;0.16232076023697997;0.1696984860666897;0.1711145180828737;0.1714046662918794;0.1730899775191607;0.17702623571341014;0.181408368914624;0.1815510390162565;0.1875428976332789;0.18935466937875778;0.19711333211393442;0.20136539952154692;0.2040999807809955;0.21755208276421378;0.23461026740074378;0.23615199631675418;0.24201107867311683;0.24247976062627166;0.246285022611008;0.2468200322448875;0.24939197374233402;0.2502204717601901;0.25170513611367806;0.25281972515697876;0.25454671426437714;0.2633600398636696;0.2673476242981966;0.275215480375366;0.27713065087822253;0.28131424692686746;0.2816734264237085;0.28612489380364536;0.29450897957484135;0.3036795103787011;0.3130285807873756;0.31351964208932775;0.3142857142857143;0.3148716673986047;0.3361683339127453;0.3542606870884438;0.354407919833208;0.35580766429887706;0.3565449719641622;0.38137687464610753;0.39984375768823804;0.42425198645857204;0.42593726700357376;0.4294104738247115;0.4332477824157408;0.4621871651694747;0.4638168285219587;0.46610704053920066;0.5050288017195105;0.8263621207201486;0.9999999999999999
18;-0.09360886908518191;-0.07085951458926083;-0.056511227086527456;-0.052084589246171153;-0.006391444569095631;0.03934491016754561;0.04362645053325048;0.04848556703437555;0.049450549450549455;0.052343156839297245;0.05675954592363261;0.06709354832663605;0.0708666538822103;0.07399156468119973;0.07714535721129537;0.08302153089624803;0.08703243292790058;0.08907024593288564;0.09340292253825018;0.09473768831770382;0.10090372888820277;0.10308592312597478;0.10339966979664841;0.10615021660298253;0.11753393686176904;0.12230361201664192;0.12235976933610647;0.12571832098799762;0.12676370673671977;0.1284835781125974;0.13408234864249421;0.14877854992477807;0.15442496439162084;0.1552627521632195;0.157588559371058;0.16623414834019534;0.16983612446036472;0.17778803521941927;0.19247030401381632;0.19392107217593763;0.19589115184090972;0.19666350027668264;0.2015275422813448;0.20629953915223895;0.2071428571428571;0.2129611235058896;0.21516275842920526;0.21651079297763062;0.22098936025196914;0.22173972160799088;0.23068842412479101;0.23476160692501394;0.23520353917536718;0.2369763745036987;0.24130776996260497;0.24902541977712736;0.2543061863771311;0.25487188533642363;0.2619167323643181;0.26403926698649133;0.26447371441155426;0.2657196092185132;0.26776236466531844;0.27282739266432837;0.28498437277302324;0.28558603441530384;0.28610590844631095;0.2902117667748013;0.29398413975425897;0.29552066707840713;0.29946993506480624;0.30043006753341295;0.30711581374541214;0.30802588392473584;0.31365356984428333;0.3145233214855776;0.31537501792566974;0.3157639838142848;0.31975654309755147;0.32520262953137585;0.3429738565391449;0.3461404829053339;0.353639028459844;0.36298893902872853;0.3639650038929811;0.36957329322303367;0.3841553802167883;0.39285714285714296;0.41397394928293707;0.41435031877556694;0.4378331099920367;0.44651716742726305;0.47095837195879764;0.5190725959460453;0.5274196364016548;0.6957252427829381;0.8503146459584138;0.9999999999999999
16;-0.1042311661506708;-0.0941482335586285;-0.09251402851108621;-0.07371029619981842;-0.029454060803172862;-0.012199669821261288;-0.010989010989010988;0.013541797179804355;0.02438352037928404;0.026672989199839858;0.03154480108191856;0.04056225925450621;0.04136731654874242;0.044239583141828735;0.04924763233651281;0.056091450742676324;0.05618164311037923;0.06480419771145525;0.0662651353892675;0.07371889628152334;0.0793669931370227;0.0894075972967065;0.10048363693481002;0.1115073411315147;0.11692001948329782;0.1257352235322733;0.126603348376602;0.1322921563466507;0.14393836750799732;0.16220118676722678;0.16472418869023867;0.16496924080450673;0.16764426885579672;0.17020423542118915;0.17073213472912394;0.17573375583870185;0.1760607038009997;0.17929999729344032;0.1827426869307859;0.18447868183426808;0.1855848867910477;0.1857142857142857;0.19279615610483775;0.19304135766539063;0.1945017956159333;0.2221864961108078;0.23531578343986848;0.23615099154486807;0.24210202090192484;0.24284249079296388;0.24412786877853856;0.24631626290500436;0.24861881322175022;0.25;0.2506541458159504;0.25357326242303757;0.25696806943552564;0.2571692361575359;0.26127216128616204;0.2723304401940057;0.27879964546278446;0.2794855455306814;0.27952739791224823;0.2802048047900542;0.2825185315288371;0.2849556670098504;0.28537938252338985;0.28653070632794425;0.28754191594233386;0.2875619270390795;0.29122084731222736;0.29242678837714847;0.2946284352075532;0.29543647558145403;0.29836741828301305;0.3038755629915984;0.3054148270353664;0.30564015480833484;0.31003865773417616;0.3133022937028559;0.3147889896207442;0.32390641426957695;0.3259704763526698;0.3321437263194549;0.3322098211203028;0.3396604646573631;0.35469959192503614;0.40332331706265745;0.4134480882959644;0.4253511311297105;0.4468672042659714;0.45608187556498553;0.48570190043712985;0.4858251456595309;0.4931267505495215;0.8406680016960504;0.9221722216732094;0.9999999999999999
3;-0.03571428571428572;-0.028925374954493;-0.025799793601651185;-0.023265362199533516;-0.023001211143032906;-0.007042428152039987;0.015371470038958578;0.03644837622841117;0.05714285714285713;0.05947924169687217;0.06547776933804372;0.07142857142857144;0.0801638882132905;0.08017891539034887;0.08400786306841197;0.09010433942573329;0.09855702454612203;0.10209306147328576;0.1084772675286529;0.11255907941019501;0.12708291466348914;0.12745408809086972;0.13349467548230617;0.14285714285714285;0.15084926425628686;0.17441706387472927;0.1757592349269542;0.1759640746366702;0.18665796628610654;0.19409168763162915;0.19628639488114527;0.200301431972104;0.2038238821608761;0.20638034703438243;0.20702862257028296;0.21023726240986926;0.21056804308840288;0.21454274213221877;0.227347571419599;0.2328793388433475;0.2341717553593745;0.24049029383877552;0.24152144486438062;0.24707559120289058;0.25561029560592896;0.26266723189911934;0.27715899053454324;0.2787123139932994;0.2841357077459074;0.2868186654374175;0.2884020967259049;0.2885899924682229;0.2972217196812162;0.30615089809389257;0.3080561764071167;0.30847940300399423;0.3103620500669826;0.31913052610500886;0.31999270004674407;0.3204821175676302;0.3249819980194923;0.32713604798676355;0.3288298908881996;0.3289893516326077;0.3312507942318393;0.3373419382112829;0.33882262941346253;0.348073999376091;0.34932164641589686;0.3523592751860441;0.35254350053059647;0.35285151396249564;0.3557353388009589;0.35822986741934915;0.3683731362769888;0.3685771409825782;0.370065726327091;0.37595103436398053;0.379981892326845;0.3802379684652347;0.38877538253456584;0.3984716297359099;0.4052251383885722;0.40964570885170054;0.4104162671365511;0.42581945702616;0.42894124669098244;0.4307688681542231;0.4435185266405332;0.4567378230768688;0.47223335203053435;0.47583808193624805;0.4857028290026538;0.5894073233941527;0.5938149260475115;0.6957252427829381;0.9221722216732094;0.9999999999999999
11;-0.08771929824561403;-0.05297907632841931;-0.04926782583430627;-0.0393121579732365;-0.01673654817511446;-0.012351466629777307;-0.007168070392737729;0.0;0.005838276992603543;0.01490831723886144;0.02118636010388746;0.033392297047684295;0.03544543898112052;0.04842749548744074;0.04930150737911471;0.05803711373144784;0.06779296433710937;0.07142857142857144;0.07441918917289216;0.07972240789538775;0.09029160853853738;0.10144453222719502;0.10563642228059981;0.11187533328529312;0.11529500653468946;0.11723824112355974;0.1178614355203834;0.11816627979048602;0.11972227673831815;0.12034517716573379;0.12130427291628675;0.1263361010623876;0.1296352070448747;0.13556237960888431;0.13738505560204187;0.14234975777416373;0.14303717410043917;0.14457847721294725;0.15795936606539773;0.17942245680531985;0.18201995658515818;0.18281842004570953;0.18535679878856037;0.18617754303582576;0.19056575265795808;0.200993807420918;0.21492841575054034;0.22926774801252678;0.22980501616127869;0.23402678947785038;0.23503860010799557;0.240097635320264;0.24140638328437675;0.24779224164532518;0.24940130720320605;0.2524475181552118;0.25466139048075837;0.26383434868506445;0.26654413762897855;0.2691477311946706;0.26920863156232744;0.2707256165359928;0.2716262468024943;0.2737689841449;0.2746243918777744;0.2748174942247567;0.27580752449357704;0.27852873010938967;0.28192549003753287;0.2829967385756228;0.28455559476497544;0.28517403249427725;0.29057285687322476;0.2928571428571428;0.2964604347947697;0.30165426036788673;0.3022617079348065;0.3024345665891826;0.30508212176656796;0.3088757931644641;0.3121307110148234;0.3127769237089;0.31590196825336286;0.3267884147808914;0.3464352681149534;0.3685084675930182;0.3764606998061671;0.3801065882132821;0.38644244480598594;0.39684026139495365;0.41976905212066706;0.4323699614320182;0.4474267982234285;0.4577323388282901;0.46320525247228295;0.6957252427829381;0.9221722216732094;0.9999999999999999
4;-0.10705416057457535;-0.10327775493087403;-0.09706739980615219;-0.0934065934065934;-0.05474202870478474;-0.046813084186456105;-0.03385694096613047;-0.004932862948206023;0.0;0.009411326031232263;0.014033406381045988;0.018967458986552787;0.024608057490560054;0.03540689528562885;0.039898565964044216;0.04276135880926478;0.04315580251825609;0.04414547722720886;0.04497837921919754;0.05741821833574947;0.06077146627869607;0.0639309461985096;0.07142857142857144;0.08137962705778289;0.08152734778121776;0.09562258648766864;0.10068086277058447;0.10463722500065441;0.10843385790971045;0.11400213573331344;0.12372536676525307;0.1385216530251854;0.14531516401716896;0.1547028562384757;0.1552040902901102;0.15774617104496258;0.16000742999152462;0.1785879067065163;0.18078310998134223;0.18388231564799654;0.18401410390086947;0.19139933654506128;0.19167003289724957;0.19515398847049467;0.1991163264377981;0.20419192724333163;0.2162951520044143;0.21841430610739546;0.22058799445535035;0.22213761855236355;0.2235521022907972;0.2249394297958478;0.226959687320264;0.22947116352214145;0.22963131402890777;0.23240012901731957;0.23704376115047704;0.24522427838272037;0.2463744938279988;0.24642857142857136;0.2528592522572378;0.25517943851899055;0.26213781824914534;0.2625713457569858;0.2766382759229235;0.27769584745562703;0.28460905172666;0.28870360963645025;0.2910523780465694;0.2958445851620161;0.2988701347200938;0.3014944900230043;0.30722843626971097;0.312473371159325;0.31402822555655263;0.3143573233225765;0.3231692145711476;0.3281234347186192;0.3289705007513879;0.3318318307939929;0.3345098672102855;0.33454931051460085;0.33783087794764693;0.34120036500788764;0.3514675116774037;0.36242135620927096;0.3650296877710849;0.3752624904727191;0.3762088357326368;0.37916394943870924;0.39245053535011765;0.3946615831734149;0.41411392260095115;0.45529685019785243;0.5095365055537892;0.6377481392176932;0.8263621207201486;0.9999999999999999
24;-0.10130836197285686;-0.09965309070837831;-0.06645651703097522;-0.05216895540769489;-0.04050910124154071;-0.04007714568401305;-0.03571428571428572;-0.01587339862740454;-0.004914019746654562;0.0007350161254459977;0.007042428152039987;0.02282207352179862;0.03754456799467917;0.04635172789838837;0.04986330170937263;0.054700354679037735;0.05815212918173166;0.059161808854937666;0.07582457697310623;0.07611517644394308;0.07646435121124945;0.08188499114409727;0.09115964813820095;0.09434758919816597;0.09997302959477238;0.10398954512980167;0.12234863320147955;0.12798283663544277;0.1315761715372353;0.13301359732892792;0.1393188854489164;0.14545898457820797;0.15206731133999712;0.15303876451561574;0.15337326595071304;0.1535178993440687;0.1592992477082575;0.15944194053589433;0.16062157814752018;0.17251711621494448;0.17639186166378487;0.17810532949611763;0.17977019420198126;0.1812326226272358;0.18493646510370604;0.18695138903819783;0.18825322553769172;0.19018491683758892;0.1917662832006763;0.2102646394602259;0.21045047355648838;0.21139915087268094;0.21305012627185133;0.21308120448567894;0.2224923613432419;0.2248240887864387;0.226804297778324;0.23254654959935075;0.23695038743047536;0.2385321106766965;0.2388379873567107;0.24073639158749038;0.24308233522831496;0.24393776200638087;0.25104822262671694;0.25208881397304184;0.25325978679557076;0.2542122625279247;0.2547737180574922;0.2571428571428571;0.26451255661407497;0.27639325229673867;0.2904634680685847;0.2935721451774108;0.29427932507917276;0.29900643569180313;0.30569304512656936;0.30918999612602227;0.32899546967536714;0.3309237055895673;0.334856654287569;0.371861201331621;0.38073429071769327;0.3822851648782324;0.3904974924906898;0.39228875366212235;0.3950805437473396;0.39748891210513965;0.39751941986446804;0.3992156593592291;0.42098117200287216;0.43762922935272336;0.4407758655456083;0.4533481437628795;0.48496518252424586;0.6087595874350709;0.9221722216732094;0.9999999999999999
23;-0.013959217319720111;0.0002740479415670013;0.00746843697595516;0.011878902270512769;0.01976069697822208;0.02510482226267169;0.0318575037130444;0.041614907645924334;0.0443888874860634;0.054054217213200174;0.05741553233378811;0.06331421080025296;0.06501547987616099;0.07831334182367976;0.09044978936193715;0.11417084847244512;0.11857527126921326;0.11903676553215119;0.1260407753014942;0.1281896608279751;0.13008284105501128;0.13127228214351291;0.13635923403655834;0.13701795065877434;0.1378965319618792;0.1409211892242711;0.14258215291427723;0.14285714285714288;0.1469360147455252;0.14950794040829377;0.16473457712128747;0.16807361999408965;0.1690182756489597;0.17226826569090994;0.17360849092900496;0.19138946229198167;0.19392266270883357;0.19600748766470247;0.1989750642767435;0.19978924775103216;0.2096951111526256;0.22294514913072;0.2242908645023215;0.23626373626373626;0.23864364657362244;0.23868260941199548;0.23965567055701667;0.24091721828641458;0.24774903518860494;0.24819250748968735;0.24957755520990807;0.24981710646177696;0.2549587588705111;0.25573900556552037;0.25755015387058816;0.25886862507180575;0.2604023867117249;0.26274747686451255;0.2642527049631516;0.2717949357249234;0.27626900252704534;0.2814983930597198;0.2821428571428571;0.2888085848795772;0.29436490074174204;0.30165982663584506;0.30209061762779266;0.30542695880808096;0.31388060689710284;0.3159333816191329;0.31641530392056866;0.32614436193369073;0.3286099900822458;0.340130797920198;0.34544563937346157;0.3491841173910772;0.3542784584331656;0.3667884507360534;0.3708827817307632;0.37134267059679593;0.3728899687611493;0.3730893189473643;0.3737950573541666;0.3772760464213343;0.38846401749667403;0.3889929917641315;0.39648255645410385;0.40315231046081107;0.405138590266803;0.41529940344065946;0.4208346975171167;0.42336181115421984;0.4243091015049773;0.4470627406170628;0.5038663977529882;0.6087595874350709;0.9461247469114745;0.9999999999999999
22;-0.07902712218989215;-0.03476118822753831;-0.009828039493309125;-0.006957991893740169;0.0;0.0;0.005608492609381417;0.01771885456497432;0.0339043329384631;0.0409219169731313;0.05342953288380399;0.07070436892428633;0.08368274087557231;0.08554929174856633;0.08766654231909371;0.09008481413020406;0.09025740455499558;0.10276476730803144;0.10954595290463338;0.10963329008795827;0.11409005263447013;0.13621405274208934;0.14285714285714288;0.1479541035405399;0.15335030054183205;0.15357142857142855;0.15795936606539773;0.1581073846840951;0.16426089258452115;0.17569914185494617;0.177711044907581;0.1785573536447304;0.1863956950583804;0.18837116703334386;0.1902736538904968;0.1937872810464182;0.19755410695954004;0.20134530417340113;0.20649184389851513;0.20704528071361974;0.20808600655609213;0.21030359573033464;0.21155840715535768;0.2127129844211372;0.21391575760846915;0.21851381731482597;0.23420732717983114;0.23424623443019502;0.23837292856250164;0.24429280261146527;0.2446294237183234;0.2548324822926467;0.2581080673334782;0.25904307537498794;0.25976502278727603;0.26848986196130953;0.2713385389439949;0.27316300382364744;0.27957126553638184;0.2888188096266389;0.2900434965584422;0.2985803854461997;0.3049357145761102;0.30787550322352675;0.3084964810566298;0.30971073568201596;0.3144002155757246;0.31654819738404605;0.3170623157342306;0.31976534393820655;0.33107926158599893;0.3318867864744557;0.3342114381248927;0.33807362280076597;0.3419672363848855;0.3462748230754494;0.35124314709268906;0.36267119246589224;0.364311227169752;0.3782653379511114;0.37841105622830795;0.3821153405674153;0.38266784304210316;0.3832737305184026;0.40870231060452106;0.4140414240151109;0.4147710387184066;0.4287935812992575;0.44361543962175076;0.4494828927413026;0.45814627218864035;0.4652484621786885;0.4850880338071583;0.5445500786879541;0.6020623555759492;0.6087595874350709;0.9700772721497398;0.9999999999999999
25;-0.10852072238482634;-0.0911454777934666;-0.08359133126934985;-0.03821667745565664;-0.018667620315353822;-0.017812459247974834;-0.017284656408253222;-0.004234801909589956;-0.0013741605823555608;0.010329991173024638;0.026600738682910404;0.027027108606600087;0.03159928794316414;0.03296703296703297;0.038873496497335396;0.04905259242697825;0.05690237695965835;0.06490978489795947;0.07142857142857144;0.07589468718727796;0.07679827339478801;0.08658432495760378;0.09156104485446882;0.09349975427128121;0.09544501292399821;0.1025599481108068;0.1080860649005905;0.10827539830820697;0.11565131623720008;0.12867914725639373;0.13078570868672806;0.13346134754312963;0.13402963494324713;0.14175904260595665;0.14272742607016917;0.14378379106999592;0.14950873404725346;0.15942555872798128;0.1641338228448375;0.17424231807482207;0.17455736984489448;0.17850741054864266;0.18825322553769172;0.19311367667059226;0.1967924929540567;0.2019792387023242;0.2023529306451235;0.21071428571428572;0.2107491885855997;0.21596236492747053;0.22183948360906602;0.22355912693632554;0.2240880103260109;0.22499362819284557;0.2307316394519647;0.23171054137481706;0.2346493357255203;0.23472956760525582;0.23952234977563802;0.2406526426253796;0.24215488559956985;0.2478048633461104;0.25604528230134804;0.2592625275999124;0.2648481719558194;0.2737694982751114;0.28022407614165806;0.2880853826668608;0.2968004143387203;0.3015418043353333;0.301819274596364;0.3038836449437487;0.30607327506137666;0.306563075806578;0.313248701149117;0.3161114939612768;0.32231567495743424;0.326362689414732;0.32919804291182625;0.33246957918692194;0.3333701185722668;0.34939849943315965;0.35317295519031333;0.36087438182722653;0.3834489258596906;0.38886647582421574;0.39097777602104755;0.41206771198025227;0.4174458493419398;0.4228960537716579;0.4237343331168214;0.43574298085687724;0.46208154207941093;0.4638168285219587;0.49851621565007975;0.5456190097407039;0.9221722216732094;0.9999999999999999
5;-0.05474202870478474;-0.030228426103012164;-0.004056800340178759;0.01613839753696647;0.02678636018374516;0.034055727554179564;0.05297406697394505;0.053345978399679715;0.05865206406353887;0.07138881079979312;0.07152515691244574;0.0879120879120879;0.09092878381143496;0.09993969808456747;0.10065735584877496;0.11072831737980675;0.11181156015933653;0.11578098511183642;0.1390341590799112;0.14759052882155033;0.1572753221731962;0.15906416529337325;0.16945232582037262;0.1719100111627859;0.17628429955215014;0.1791822232474717;0.17921141941521818;0.1801456800061982;0.18534231880115057;0.19014556010507966;0.1924774649447967;0.19355769422810434;0.1936584417578503;0.19470252673842062;0.20058171108514075;0.20484661383427238;0.2071428571428571;0.21610096225907685;0.21745084920700264;0.21794975571780872;0.22441082143485805;0.2266223908297559;0.23386485301850574;0.2393247724078148;0.2516559555161778;0.253126555372404;0.2531796607153517;0.257273683618923;0.2637649047434744;0.2645488197577881;0.2645532527655824;0.2658582658510292;0.269343347819329;0.2841771063433199;0.2892744066012345;0.29368667288204275;0.2940113555269484;0.29437657524014843;0.2964561726109174;0.2970747180782403;0.29725240291265104;0.2974557972430351;0.3105925424063959;0.31205741441305096;0.3127805492429864;0.3193243141431285;0.32643887573153385;0.32697688532108515;0.3300881505031685;0.3328037893685794;0.33373401460583696;0.34168831898570334;0.3479979476328551;0.3507939539188832;0.3517472387600993;0.36321607109153103;0.3637286567981275;0.36820405985251814;0.3685463206215237;0.36910157272536226;0.37646530588105526;0.3775789194960369;0.3912582160023478;0.39285714285714296;0.39568275312310724;0.39914994742971516;0.40588657478399237;0.41543525558842154;0.41951653832905733;0.4341039260674427;0.4350083887618434;0.43955187450212413;0.45227801894412695;0.48238346277680794;0.5371138480395027;0.6957252427829381;0.7784570702436183;0.9999999999999999
10;-0.13725490196078433;-0.10291501396499533;-0.06593406593406594;-0.05230304123985354;-0.021152759235355183;-0.013110649016046456;0.0;0.00779295092098899;0.01720851254742391;0.017296729405994745;0.0204493010061343;0.024734890482400095;0.04220259624507994;0.06102993899721591;0.061066844198290476;0.06300017442801117;0.06833882839140507;0.0689570521157265;0.06914688028645505;0.0693348437730908;0.07142857142857144;0.07438965282147177;0.07885504151507014;0.08450913782447984;0.08963117431729715;0.09413733200799478;0.09638565147529816;0.09728701925628545;0.10007682031928555;0.1019153718282495;0.10510263092422446;0.11701824827144758;0.11958197002534449;0.12201032210239446;0.1305962739870167;0.13668161930277128;0.14015681753977755;0.14929559179811222;0.1498248440759972;0.15126641476387964;0.1646865107593221;0.165488004915637;0.16602465865760693;0.1753791954314063;0.18150728710175643;0.18204569577229632;0.18218681652309993;0.18811545661676152;0.18966023590114817;0.19502752031083415;0.1977711248105696;0.2041191291454561;0.2097030872295047;0.21729898677030257;0.21896924866881773;0.22310736450536717;0.22638468470263856;0.22904463181096443;0.2321428571428571;0.23233989995674784;0.24330824888457472;0.24547251731457995;0.2489314479206077;0.2524850164831147;0.25275436765039;0.2570376062702395;0.2626158079389365;0.2631876230587002;0.2639687881401378;0.2645473931454229;0.2659140350110894;0.2786763225434544;0.28222788774971963;0.2828540751663297;0.28538657954200897;0.28652920185567077;0.290022902944656;0.2919867249078369;0.29458447009395017;0.2953031691730043;0.2990405497913958;0.30006908878872685;0.3054355012316831;0.3322098211203028;0.3360372085229014;0.3561565974657741;0.36067866832925577;0.3649023246847508;0.37779368674940805;0.3820970220865104;0.3857797225236035;0.40522968846810137;0.4053174684204641;0.432953785843124;0.4579900710010538;0.6087595874350709;0.7784570702436183;0.9999999999999999
2;-0.08946443090520408;-0.08108132581980027;-0.0701006996939319;-0.06737035356593736;-0.042895459487824666;-0.03829776701164026;-0.02486230866525132;-0.021861144110354468;-0.016833619850565595;-0.013959217319720111;-0.006577150597608031;-0.006123032866491349;-0.006099933538761652;0.0;0.014904700327401392;0.016483516483516484;0.017543859649122806;0.01758735615784297;0.029009099271539922;0.02931780810122432;0.03162654189033221;0.044319534363672745;0.05007945829098906;0.050460470946800805;0.0504817892750549;0.0654537571575131;0.07619183529066788;0.0835107332645896;0.08829577986493775;0.0887615496741119;0.09362012202149858;0.09610986655564425;0.1077097399022469;0.11132887408085393;0.11779455270294155;0.11886902070592963;0.12533649997047555;0.13114207450208074;0.13418800900889674;0.1455322403259338;0.15302045100354533;0.15649872432447845;0.16816440027630708;0.17176858978392853;0.1759570827532215;0.17807463056071865;0.17853113750778346;0.18780928554001117;0.191660676929509;0.20622087965655786;0.20681975539234737;0.2071560992042115;0.21195552925395061;0.21292610971565473;0.21360172786359166;0.22224561555951286;0.22811380397320954;0.2291167634326585;0.2301370766166736;0.23758719897397373;0.23832167969953932;0.24232661871599548;0.24736971387029796;0.2559836499150113;0.25620210145888034;0.25927700617884053;0.26885259472799683;0.26955951198616407;0.2748028073558339;0.27506404955704733;0.2754003767492133;0.28824158561213786;0.29367250464397987;0.2941585592183724;0.2996452804927711;0.29973496163553753;0.3068143226929104;0.31058539631297793;0.31646305665493096;0.3178571428571428;0.3183141282228512;0.33708828663347434;0.3418318357915865;0.3521214076019994;0.3624902439685238;0.36874617088346784;0.36980036626401724;0.37879068390215004;0.3836582656253156;0.38957286446245015;0.4040004982845611;0.4239694241962485;0.4384062597545898;0.4435185266405332;0.4731423780774403;0.7247137945655605;0.8742671711966791;0.9999999999999999
17;-0.1001031991744066;-0.07705420346203694;-0.06514301415869385;-0.0423211428637459;-0.032431367636240147;-0.013358119149409872;0.009828039493309125;0.018214750382212222;0.03944251990958224;0.04756056510320184;0.0558972151038693;0.0563394252163199;0.05781571190547371;0.05894367221148119;0.0610133759740862;0.0641272183266783;0.06744193765612919;0.07229528213050464;0.0741099460864548;0.07926524157910873;0.08335640056225452;0.08804366205837427;0.0934065934065934;0.11134252909884342;0.13178891651965116;0.13946592120219395;0.1483736215047358;0.14936711831946822;0.15062893357603013;0.15443835288041438;0.155120657843058;0.15674958804303027;0.15878747129793583;0.16305118569929367;0.16531822594655385;0.16902285605854336;0.17637098746277446;0.1818916226066904;0.18725086431801405;0.18976879221599643;0.1973508737181348;0.2056489822398068;0.21428101594990662;0.2151149076907168;0.21649106705641424;0.2172482338365962;0.22032355260977313;0.2336140353079014;0.23466908919599896;0.24146497595744187;0.24242273960888133;0.24447497867529996;0.24779567501421515;0.25;0.2526273026956451;0.2544708422027358;0.2579209258334911;0.2590395434187513;0.25972866267779343;0.2628943567574423;0.26691155470942657;0.2678571428571428;0.2710065169823948;0.27416427445563596;0.2790119231950445;0.28045342336676116;0.28609864318708167;0.28746205670597574;0.2902870243025392;0.2920627322775373;0.29674499029600687;0.297888924073414;0.2984014051514756;0.3003006838886643;0.3016814841987294;0.31265581280013865;0.3131631247094054;0.31320109303986604;0.3142810351049707;0.32259638107477023;0.32482776495484333;0.32596685000537395;0.33272987765224893;0.3468170193627139;0.3495306747687495;0.35692632856321366;0.38237142158154536;0.38674262203331805;0.39840059341916895;0.4076636174392652;0.4096318666366756;0.4293289149762886;0.4317891584234365;0.4574388345239498;0.5164952742184085;0.6957252427829381;0.9221722216732094;0.9999999999999999
19;-0.10073740480641852;-0.07142857142857144;-0.04437564499484004;-0.042783363462090704;-0.04117162768983053;-0.026295250121627426;-0.01572595801525667;-0.014604450840383521;-0.005494505494505494;0.010371100744624927;0.020408683901638344;0.03315980092960715;0.03987857057493232;0.050316225375650316;0.05553175354815468;0.0611117938482907;0.06474959753623762;0.06863849220758789;0.07400654888228815;0.07604351065454097;0.08890602131641549;0.09054430692428302;0.1069278321054089;0.1090435738310059;0.10949487187254682;0.11177599691154827;0.11651242877185851;0.11785714285714284;0.11972127858467979;0.12408500875242502;0.13122158372618872;0.13144129517437572;0.13235788662780665;0.13415150299587925;0.1379117367359974;0.13902227322322858;0.15894522286726187;0.1658174931095282;0.17696056424283463;0.18168937452469996;0.18548701251758584;0.1860180968182141;0.19093521822803075;0.20072388552601664;0.20576453123215463;0.20664600803398003;0.20719894722777077;0.20801323119273585;0.21134762620637718;0.21159774517641264;0.2144129559810497;0.22235454363793825;0.2241545680316525;0.22575613700829014;0.22674218303714802;0.2274580597471851;0.2309110615503215;0.23420445922962888;0.2390614123452744;0.2420945429913184;0.24781926282649872;0.2505692593733685;0.25941675848241375;0.26097412347964366;0.27066931332020305;0.271180080935812;0.2718590051858187;0.27539848320495974;0.2773996644084624;0.28210234895518976;0.28571428571428575;0.287268239819643;0.2892440175887436;0.2983204254662867;0.3098256188002659;0.3136049146288728;0.3180095358561319;0.32068442066140757;0.32084712159417184;0.3258708038807984;0.3290787826640291;0.3440197991106327;0.3444898822217839;0.34681290481226457;0.3591891413684025;0.36820405985251814;0.38376320524511487;0.39390897748702536;0.4043959018311873;0.4071982351446464;0.4109231478776075;0.4186257964753875;0.4322436999084135;0.45810646600221383;0.4686741844065701;0.8263621207201486;0.8406680016960504;0.9999999999999999
