;0;1;2;3;4;5;6;7;8;9;10;11;12;13;14;15;16;17;18;19;20;21;22;23;24;25;26;27;28;29;30;31;32;33;34;35;36;37;38;39;40;41;42;43;44;45;46;47;48;49;50;51;52;53;54;55;56;57;58;59;60;61;62;63;64;65;66;67;68;69;70;71;72;73;74;75;76;77;78;79;80;81;82;83;84;85;86;87;88;89;90;91;92;93;94;95;96;97;98;99;100
18;-0.21428571428571433;-0.15062893357603013;-0.13382933069055766;-0.13027311631072394;-0.10997037355485614;-0.04247833413408842;-0.04046563882065044;-0.028798880690288096;-0.02044604728033205;-0.007461124046148033;0.0;0.0006520615508866243;0.0035746216239853886;0.0047909518622498695;0.027259684439266862;0.028571428571428574;0.02983109634147881;0.04365462628488116;0.07247469809597228;0.07981063454269931;0.08357322750559497;0.0845317910297828;0.10392361963992507;0.10877855125959018;0.11099245834746493;0.11606725870127557;0.11847302588518129;0.12261549497180539;0.1354813230903427;0.13679865131080923;0.14285714285714288;0.14400952639308298;0.14550145449320806;0.14598265354376427;0.14705882352941177;0.14912280701754385;0.15100601927440815;0.1556467364863387;0.16229177850978718;0.1627371812136666;0.1645585240314257;0.16811848211155261;0.16895733572692817;0.17272727272727276;0.17501554857828744;0.1781161183056545;0.1819229591767029;0.18600031435958295;0.18620543930379702;0.18656018017706646;0.19510173312019383;0.19734695637401412;0.19791629549941042;0.20088550127778335;0.207121833328279;0.2096479782914114;0.21773966150902085;0.21820208017384435;0.21829067976477634;0.22834326037974714;0.23729129271315494;0.24267994853915967;0.24501864237550267;0.24764106113623732;0.24935875478415048;0.2616790760709725;0.26837400975373954;0.2727140570181357;0.2749754065201056;0.29772907324616293;0.3;0.3050362643662126;0.3062452572096175;0.30640011159393427;0.3078000324558314;0.3085417506022135;0.309090909090909;0.3162076009534862;0.3198769137423663;0.3214285714285715;0.32861835332158434;0.3353631605961239;0.33662523283368206;0.34036183177214663;0.3424900276327214;0.36558652690369847;0.3809527940967658;0.3970333697123493;0.4025013337881041;0.40621439669274284;0.40922808622409484;0.4114483075457479;0.4285714285714286;0.4298365350323897;0.43482827673933633;0.4463384842539294;0.44837559016572187;0.48078660842603477;0.6;0.6;0.8660254037844387
16;-0.28571428571428575;-0.1785714285714286;-0.17573375583870185;-0.10562869538792628;-0.08856557147313725;-0.025778161808528613;-0.02510482226267169;-0.023180788134019494;-0.013984204058994453;-0.006080910069949732;-0.003943160804755798;0.007149243247970777;0.010571622774230915;0.028571428571428574;0.032470384872234866;0.03274202008600885;0.0456300377807054;0.06547390728692674;0.06884547929229733;0.09182118214372807;0.09342586805918024;0.10927709512498095;0.11155355273006386;0.12210780900618701;0.12318212073786038;0.12322653564442236;0.12354439618935868;0.12632017344599655;0.13223642626070903;0.13848330399611933;0.1398268894859898;0.14285714285714288;0.15042424949452962;0.15772202630615653;0.15854595722958137;0.15893602077655905;0.16233738332235284;0.16289829388794794;0.1686995713695713;0.17012344351279682;0.17324214940851473;0.1739027723988959;0.17601800121957278;0.18072583558632374;0.189885104604861;0.19757314809422494;0.19878146957474396;0.19889555784985058;0.2006188956249532;0.20452812484521082;0.20707718401365383;0.21096436853501985;0.2121212121212121;0.21814259013094262;0.2192640412693309;0.22303921568627455;0.22590796962186416;0.23610887356184804;0.24100272440113976;0.24173991389522112;0.2423344409979348;0.24344614326478406;0.24508851963395373;0.256784731085883;0.26439790894301113;0.26483570590552913;0.2684687865167833;0.2809439008796045;0.28282642244826695;0.2839301527704846;0.29090909090909095;0.3;0.30753860519278287;0.31406049070885805;0.32280701754385965;0.3229712250963848;0.33335710036807586;0.3355814266565601;0.34125852284146957;0.3559597459579221;0.3575094918297036;0.3606875449686406;0.3767448479258914;0.3808735580018627;0.38855465750979573;0.3889952184712154;0.3970568249502319;0.3988883768905724;0.39999999999999997;0.41468834636695134;0.427596018588829;0.42876040611222355;0.43482827673933633;0.46648812193009326;0.48290731994349373;0.49999999999999994;0.506238075118316;0.5202725506879221;0.523809523809524;0.6;0.8660254037844387
11;-0.3200197549155974;-0.2008385781013735;-0.1499219821535794;-0.13951893254986047;-0.12727272727272726;-0.12374757037349646;-0.11710008896917448;-0.1103174699723651;-0.08762579566123994;-0.05330901656664325;-0.05020964452534338;-0.04247833413408842;-0.041936912158826084;-0.03171486832269275;-0.02433920077190038;-0.010334404938386126;-0.001493918522226924;-0.0010682527800962547;0.0;0.0;0.00167663571791151;0.01154148945069325;0.012803612146563913;0.025449761116075977;0.028571428571428574;0.03583688197218629;0.04465311384688448;0.04878093965991809;0.05898125679575891;0.07083153053857835;0.07108439824777422;0.08571428571428573;0.08744935876031217;0.09297247495459866;0.09612469477632649;0.10017103395827569;0.10462636102034528;0.10997699766978615;0.11100578684802184;0.11961581290401994;0.1206385670933043;0.12236966229976215;0.12553950305477554;0.1272727272727273;0.1274554662455389;0.12967386325639738;0.13000293357857454;0.13515324951563742;0.13545623643219346;0.13705916872683496;0.14127210698970333;0.14157768938801096;0.14215686274509806;0.14269134437243236;0.14296699136348234;0.15057559114181315;0.15307688117297738;0.16847696635586856;0.18086830691718928;0.18179241576925811;0.1898524866326141;0.1922181654174013;0.1930626269789522;0.20128382416727258;0.20169739245624055;0.20175438596491227;0.20506650512736874;0.2118293701623365;0.21373767498551768;0.2150260445262727;0.21712618651741306;0.22255270310364222;0.224263520286192;0.22650851832051866;0.2304219480581347;0.24745795757496059;0.26669037353133246;0.2878151886846537;0.2917087412176054;0.29401969562482294;0.31494956266628754;0.31577154158738413;0.32764675915130737;0.3300912727866729;0.3333333333333334;0.3354865512975838;0.3425065419465863;0.3519088265961199;0.3544315954500228;0.36430428283460886;0.3769388544406559;0.43482827673933633;0.4539769462461444;0.4624190726521134;0.46443652985385825;0.49412820140712205;0.49629613689756485;0.49999999999999994;0.6;0.7142857142857143;0.8660254037844387
24;-0.2913316623548092;-0.24848484848484845;-0.21818181818181823;-0.21428571428571433;-0.1622322368669348;-0.14285714285714288;-0.14285714285714288;-0.1338923854009157;-0.11673273175653703;-0.11595420713048968;-0.09930897420003287;-0.046364117024127016;-0.03852312295064345;-0.0180686527260418;-0.013859580158651656;-0.01229771588065162;0.0;0.002226365944944582;0.0031737958521189224;0.004491162047195904;0.03474809837325311;0.04184137043778616;0.04942677990071953;0.04952300835929615;0.05451326308127555;0.05732988127246809;0.06703373368084857;0.06731686444807326;0.07233132634507188;0.07860063420464476;0.09236127833014875;0.09768624720494963;0.09796729786729061;0.09999999999999999;0.10951099286158102;0.11115473833561493;0.11204891481659165;0.11773920109093725;0.11929824561403508;0.14068013229334828;0.14299118285162774;0.15088651057409197;0.1510105957691128;0.15203493883894;0.15224587167175005;0.15786694440362256;0.16118312159239423;0.16193177355303126;0.16447178104606786;0.16491955097974362;0.16840484539387338;0.17463801593445238;0.1757505921471976;0.18905258731381402;0.19445346545231879;0.19607843137254904;0.19940693069750615;0.2057325738670279;0.20811726755819057;0.2142857142857143;0.23079152378502868;0.23692631716755985;0.2375657107562385;0.24142005082676818;0.24487275421128546;0.25055602336171634;0.2546882559720192;0.2574883539543855;0.26407470723156007;0.298199223510166;0.30137766933574267;0.30761637204227643;0.3083137619332939;0.3093846792746734;0.31030927185085183;0.31793912178873834;0.3338746522306058;0.3503129191505681;0.35354628443445885;0.36298332136967987;0.36313703593616947;0.37203087697189524;0.37410549499124157;0.37632413349102456;0.37858013801349716;0.38255532676750004;0.4079399874331326;0.4107872998360798;0.4141106913577033;0.4277113284216356;0.4285038318782461;0.431126521720112;0.44314672030956176;0.45348742150293875;0.48997185128490556;0.5020316431755921;0.5268138218102223;0.6247439406751218;0.6571428571428573;0.7999999999999999;0.8660254037844387
23;-0.2545454545454546;-0.21428571428571433;-0.19999999999999998;-0.14285714285714288;-0.1373149063815739;-0.08671044543776689;-0.06694619270045785;-0.05245768576199942;-0.049585528692661425;-0.04910243079361211;-0.04759673265042654;-0.04184137043778616;-0.018600295269485576;-0.017833883416749175;-0.01443250396258733;-0.010648400337706415;-0.008163341798130134;0.0;0.01818181818181818;0.019277675045472793;0.028571428571428574;0.029303112335434936;0.04226364652267378;0.0537832803323017;0.05731329775458047;0.060748271557349694;0.06211864743399651;0.08997945019458436;0.09752352246454034;0.09767112955866396;0.09999999999999999;0.11228070175438597;0.11371739738594018;0.11678574417057906;0.12166386568682142;0.12948276467847103;0.13047960999924565;0.15124558991036308;0.15798314881764;0.15846569783318717;0.16414785963302841;0.164174618689599;0.17209099128544578;0.17555457916323058;0.1785714285714286;0.1802653319012131;0.1896809788954431;0.19082083000506497;0.19141446839922854;0.1929010687821936;0.19320862140336242;0.20434052612881048;0.2062088326159027;0.21269629201459933;0.2130769885023473;0.22051187001644107;0.22057379731648763;0.22181577362316654;0.22228605231330373;0.22290480425804476;0.2377395383587582;0.23804455721636208;0.24264705882352944;0.24462102953931464;0.25571924292895587;0.2571428571428572;0.26096089708211795;0.262838180002812;0.26360650373142464;0.27048514178589367;0.27048763743052634;0.2718224992097415;0.2830901623246668;0.28354238473210186;0.29625219141544423;0.3007185103524493;0.3009791358425038;0.32058933067059925;0.32242380460159603;0.32670492209524704;0.3307260184021214;0.3333333333333334;0.3381250094207572;0.3382650393889771;0.35748232662759566;0.3583255532600941;0.36281207189375553;0.3704823478581773;0.3738231974888217;0.3846361368426613;0.39527830878896064;0.4148696455235491;0.4297953484083168;0.432947528510745;0.4398630199880183;0.4522984110398648;0.4529961592783463;0.5773013922736403;0.6;0.6;0.8660254037844387
1;-0.23150450145326676;-0.15899720766358738;-0.14921582788981255;-0.14285714285714288;-0.1272727272727273;-0.10733263679247396;-0.09999999999999999;-0.09480974949891517;-0.09067259210957114;-0.0464625925318608;-0.018471714871531538;-0.016342907331065564;-0.01608579730793425;-0.010199005967838059;-0.009177262519917824;0.0006495615802151863;0.005932294735261674;0.007404447355402848;0.007916628759141746;0.012610435737832592;0.01673654817511446;0.04064289175455863;0.05936975853185552;0.06114250333797587;0.06478053196302287;0.0680762302228711;0.071422379209702;0.07376063285242661;0.07383810515351268;0.07781187577518128;0.08240218260190334;0.11038050102275367;0.11250836892098298;0.11666666666666665;0.12272974062642977;0.12308940157608445;0.12578328571728575;0.1275058174024104;0.12879729328693815;0.13248264447932964;0.1363930767488815;0.14216879649554845;0.14514790938127387;0.15324802359485987;0.15573447062852616;0.1563227229760476;0.1632295023306942;0.16758701371135368;0.1734519735479997;0.18070175438596495;0.1864769155600712;0.18850209732754455;0.19274039915279997;0.19484660192894293;0.2007441666801379;0.20196612175517445;0.20368152983097962;0.20392205258731105;0.2062602791126565;0.2135459892641662;0.2137588529522427;0.21421483179763987;0.2231883594136058;0.2289223509680483;0.24447596989485948;0.24939805404086926;0.2566492312177059;0.256749506453799;0.2606060606060606;0.27450980392156865;0.2786295975564201;0.29216304713960656;0.2943764501997181;0.2962451094018391;0.3;0.30576701654377314;0.3059679970011756;0.30761637204227643;0.3089507688131309;0.3142857142857143;0.3142857142857143;0.31867626958315615;0.31997229951825334;0.32063791466684594;0.3381812423048251;0.3487384745888445;0.36948740967394206;0.37511551379903213;0.3760444136847339;0.3918699942266752;0.4077617018951302;0.4111450445743188;0.4126805090663564;0.44228722654882824;0.4444539377736018;0.4679141826415574;0.523809523809524;0.550782483869826;0.6;0.6;0.8660254037844387
6;-0.19999999999999998;-0.15624774167725317;-0.11997152423636673;-0.11154710568878554;-0.09999999999999999;-0.07142857142857144;-0.06110137648903464;-0.05520425126658117;-0.03874891436951045;-0.036858274719834175;-0.03347309635022892;-0.031122739860619236;-0.02510482226267169;-0.00830627503689572;0.015513549319648563;0.023263179207565977;0.024918705552183725;0.029302356530101548;0.029797778305412196;0.0321715946158685;0.06105878854022752;0.07101384881290089;0.07166156444244001;0.07789397225512681;0.08079116693657479;0.08419954790723529;0.08473097326955321;0.0912476663224293;0.10735225463678504;0.11118394278539558;0.11660738422108778;0.11680207344893803;0.12685403437877013;0.12908539809225486;0.1311348444385078;0.1313792289642933;0.134239355152207;0.13529253374930988;0.1356614731540604;0.14022208966657118;0.14160805741676144;0.14730718968310733;0.14876950146018636;0.1513951488691191;0.16502053830137406;0.16842099935308372;0.1723981329931578;0.17940657781168667;0.18181818181818182;0.19146843601800353;0.19538166280831076;0.19607843137254904;0.20645025262116096;0.2076189739675767;0.21438043085658132;0.21858263174399623;0.2192024872182603;0.2197132443429578;0.2280038572013586;0.23042097539195752;0.23130461197432797;0.2315557086921556;0.23373211143016245;0.2421052631578947;0.2483909162734326;0.2571428571428572;0.2617264081226126;0.2693934316075;0.2710189258507516;0.28610394045460835;0.2887732299484161;0.2899281810518725;0.2913494402065068;0.2942055004286253;0.295224302410496;0.29571356890256156;0.30633838093782584;0.3074111164248855;0.309090909090909;0.31699782799893644;0.3177714447076237;0.3209327887471397;0.33069606317885225;0.33092064769118706;0.33171952212404116;0.3513514335972302;0.3613380783592202;0.3765493973216766;0.38472968007441644;0.3877992903935351;0.4047619047619048;0.41961680595684175;0.42857142857142866;0.43083713621754777;0.43852653921744245;0.4486150138101662;0.49999999999999994;0.6;0.6;0.6667366910003157;0.8660254037844387
8;-0.3444657084160944;-0.14285714285714288;-0.12681147897575493;-0.11617520277952513;-0.11008142727781545;-0.09989340705381355;-0.08109944899660003;-0.05675073547792066;-0.05141560740487435;-0.02510482226267169;-0.0013322525537372587;0.0;0.0013778675413229132;0.017279631098495545;0.0208469501681817;0.0264399056004275;0.027571342916767053;0.028571428571428574;0.04242424242424241;0.047050131791506716;0.05196160633108695;0.05315916755481185;0.06757350365302932;0.07657430155508153;0.09201691405723006;0.0970170611105616;0.09867326778483089;0.10909090909090911;0.10985067174598966;0.1121398245975187;0.1200627188453017;0.1215522099316538;0.12786493368257953;0.13456794692933896;0.13684210526315788;0.1404554551326678;0.14285714285714288;0.14285714285714288;0.1462604459387167;0.14816136611611255;0.15061763152298113;0.15130346109379608;0.1523738063983225;0.15270255802816854;0.16076446591931098;0.16660728972253697;0.16732024172281407;0.17695187724609107;0.17866282390280613;0.18397520146508164;0.18661284697768799;0.19117647058823534;0.19145340597707394;0.1939779685561442;0.19664447764907786;0.19697691567636005;0.20437759163677688;0.20570218169072482;0.2059110209282141;0.20689261051792757;0.21077586812773583;0.21291259630377102;0.21298037211558216;0.2186172901325961;0.22630812786682794;0.22874350238062188;0.2328025112479895;0.23494002547103926;0.23614978867724049;0.23855177104083536;0.2454631193528839;0.25485685820096593;0.27929627310026617;0.28101118632992234;0.2833214296872737;0.28601730731439157;0.2891155278835884;0.29412138338026955;0.3028825504765363;0.30892925466241367;0.30952380952380953;0.3202090968945253;0.3489535786054308;0.3557885630335826;0.37202583154385477;0.3724195217599024;0.3778474643715751;0.38054608055594086;0.3907024660987113;0.3910177845796894;0.4103159205284739;0.42041925812523745;0.43374895195992125;0.43927167859015354;0.473637365178064;0.49999999999999994;0.49999999999999994;0.550782483869826;0.5555674222170023;0.7142857142857143;0.8660254037844387
22;-0.28571428571428575;-0.2571428571428572;-0.17272727272727276;-0.1537087298313717;-0.14694922084737208;-0.1422606594884729;-0.10000617341112418;-0.09305278640759469;-0.07347007618317121;-0.06077710892820358;-0.04808657895557673;-0.01947307445980991;-0.01840141708886039;-0.013878817887156388;0.0;0.003024994517410981;0.013269452560542804;0.018726874628637622;0.033152592394923325;0.03382859154904011;0.050306206757136755;0.05939820067993569;0.060858078227253226;0.09608543359011303;0.09999999999999999;0.10280250194047404;0.10947812051054052;0.11029411764705883;0.11230482008914376;0.1229040699196124;0.12394822240363464;0.12413741886344774;0.12621803453441716;0.12839301484844337;0.13209032518948705;0.13525906179805333;0.13660503827425907;0.13725522770299783;0.13770522986508163;0.13949612026603828;0.14285714285714288;0.14977978875554784;0.15062893357603013;0.15762180239382512;0.16873618180537434;0.1790307502882702;0.17925315818676674;0.1869698359834274;0.19394473126388936;0.19999999999999998;0.20105746896700322;0.20431012156600903;0.20833087414116808;0.2099727640962396;0.2142857142857143;0.21654622793248124;0.21781419734759863;0.22138579323232552;0.22456140350877193;0.22475885793223338;0.22832062874478265;0.23073510346888165;0.23188221688954488;0.24323668861277176;0.2452008835352777;0.2530729898941606;0.25689955454746405;0.25800048420873933;0.26238589723237643;0.26861580797311263;0.27472321744722183;0.2794816946826136;0.280405878455801;0.28641190780421283;0.2977195101121571;0.3013096530334286;0.3015300666865862;0.313718855509893;0.31422376278897785;0.315233217346491;0.31658789175007457;0.3192035876618502;0.3258037386588729;0.34721534464723125;0.34979676283812394;0.37154922388308664;0.37281005389511795;0.3812364610780477;0.3863582673599391;0.38831688343478993;0.3914894869005766;0.39242263687658513;0.3960868916041216;0.4296689738515967;0.4394467220368296;0.47791323480658593;0.48571428571428577;0.5344059327858156;0.550782483869826;0.6;0.8660254037844387
25;-0.42857142857142866;-0.2727272727272727;-0.25941649671427414;-0.17272727272727276;-0.166676955685207;-0.1213446541241732;-0.11858947303749044;-0.11796251359151783;-0.08571428571428573;-0.003882813028653006;0.0004205775656840437;0.010335175581552995;0.020010571679794233;0.022016285455563087;0.02510482226267169;0.028571428571428574;0.03695888042307109;0.04646396306976673;0.05036939462783559;0.05299207263030802;0.06331089724595515;0.06531081373284298;0.07711070018189117;0.09057488723361577;0.09372236202743281;0.09653357664718475;0.0975161496934157;0.09999999999999999;0.1001782433071167;0.10450773702825873;0.10980418216239825;0.1241736187563865;0.12628875021972277;0.1322198695342615;0.13897734582645824;0.14351215709420576;0.14473622152904694;0.1456140350877193;0.15152775695211246;0.1517589459453333;0.1536196863174194;0.15387360778937315;0.1623574258651838;0.16883555028151528;0.17302635046270545;0.1741838218052513;0.17528726078187046;0.1763996346845172;0.17647058823529413;0.17694133397645112;0.19440282125358657;0.1965537065359142;0.19978346032335415;0.2015837836859986;0.20291986247835694;0.2123419102236417;0.2255582700625414;0.24594430811246365;0.25338365932067325;0.25424299854633997;0.25534606498480805;0.2684137353749829;0.27002456578483464;0.2832322020180379;0.2877767913966824;0.30853297330635304;0.3154566132627761;0.317572759660351;0.3181502373303745;0.32256129565568886;0.32257354349432926;0.3241693408823146;0.3281115834740414;0.3296774119462427;0.3327934525760372;0.3333333333333334;0.3475360322596696;0.3501485392378323;0.351693683841909;0.3588522117520482;0.368329174262926;0.39253092754651714;0.39883081025212447;0.4081329929657157;0.40814241507448457;0.42106777121129046;0.4214320648858646;0.42603333687498246;0.429488719729076;0.4473658978148025;0.4502088185668723;0.45320021079351425;0.4560839004136808;0.516945347213018;0.5304962327810558;0.5652434224481381;0.579088703085633;0.6;0.6;0.8285714285714287;0.8660254037844387
10;-0.1785714285714286;-0.12206098665586879;-0.11107092325334637;-0.06666666666666665;-0.04990309233717533;-0.030431171271536134;-0.028082533743707686;-0.01333913245027011;-0.004381289783061998;-0.0004205775656840437;0.0;0.0;0.028571428571428574;0.03267981611976139;0.03347309635022892;0.0379991583089515;0.03984095364447979;0.040755462125490444;0.05054746201407293;0.051545717768173356;0.056675904587462064;0.07560653682530409;0.07929245060785742;0.08400360816365664;0.10179982795628634;0.10229690117100033;0.10940625505613528;0.1126382238179521;0.11296678750220461;0.11755637615778024;0.12799060522122863;0.13480392156862747;0.13562909914562066;0.1362620699935844;0.1464576320441223;0.14716266670513106;0.14993207212174858;0.15932448717559924;0.16687699777867418;0.16787497875572313;0.16905996038255183;0.1717599568871535;0.17420211346437872;0.1814471041673808;0.1827262376219702;0.18891999606811455;0.19223524954784657;0.19427677864611267;0.1975859888779477;0.1979976293451607;0.2;0.20000000000000004;0.20410036075772178;0.20974113471524683;0.21012309425655723;0.22061170465526234;0.22365809732435563;0.22922743705695295;0.2392240102141431;0.24088113246039256;0.24190179096133713;0.2450670113616288;0.24992697862364874;0.25959500069873515;0.2678012029628072;0.27050265687341846;0.27070723614251996;0.2718926748293509;0.27311956218594224;0.27443644198130135;0.275038620711064;0.2770900328134132;0.29772517036889135;0.29995201643196934;0.30827800095245067;0.31101233071746454;0.3142857142857143;0.3198769137423663;0.32210806223005933;0.32981965114203593;0.3333333333333334;0.33537096478925077;0.3516643783944393;0.35301160786989966;0.36767488367078205;0.3710808632127607;0.3741474702039473;0.3961993730437407;0.40242047736815706;0.41742102917230306;0.4226185879447251;0.4286167815196887;0.4580924569395976;0.49412820140712205;0.49999999999999994;0.5;0.5451297976577718;0.550782483869826;0.6;0.7999999999999999;0.8660254037844387
17;-0.15062893357603013;-0.11255516721664277;-0.10714285714285716;-0.09381975424689908;-0.06694619270045785;-0.03795288351778223;-0.03671106531491695;-0.021764889024149265;-0.01819829348992608;-0.010953224457654993;-0.0035746216239853886;0.0;0.005420005724647091;0.02126739945252272;0.027625853544548478;0.028571428571428574;0.03392297238831882;0.041796782277936075;0.05070963575820554;0.05392156862745098;0.074021371062013;0.08110785372175779;0.08571428571428573;0.08791022864232968;0.0981231974599095;0.09956025815044206;0.1058826042280269;0.10631267273072735;0.10714285714285716;0.11119654883826403;0.11595106068668971;0.1272727272727273;0.13403638101343815;0.15052462889694443;0.15603477629403953;0.16157308789258554;0.16312836514510876;0.1652748369178269;0.17007388263152967;0.17516954211345018;0.1765988992862876;0.18726466561642283;0.18889330454426478;0.19569988720292905;0.19623406016435935;0.20066602310080847;0.2023407574322403;0.20292177520388102;0.20368022420565676;0.20989532788653203;0.2110430904638242;0.2171428740449897;0.21771720291219918;0.22110799148506594;0.22762244724281425;0.23124518074515488;0.23636363636363633;0.24222074124941884;0.24756321118585853;0.25251721282431017;0.25329878176854487;0.25494860226796934;0.2580629294868423;0.2619900344922619;0.26491228070175443;0.27085697193510117;0.27401544761025687;0.2828857118043352;0.28514000369980175;0.29263726553909214;0.29735104537191925;0.29762424673310783;0.3;0.30861942104139606;0.30952380952380953;0.3123339300068864;0.3221825437867324;0.33272539839503656;0.34294466001009405;0.3479478627761573;0.35126932056555504;0.3623447354795775;0.37801247687968503;0.38094469909301415;0.38782557874724116;0.3899807344035693;0.39776269465681396;0.41444002371169214;0.41763820996368906;0.4269379116245068;0.43432010727471865;0.4364366705612545;0.4409853923143425;0.45755156787012974;0.4735504363960205;0.48571428571428577;0.49386330334634665;0.5098148109756021;0.550782483869826;0.6;0.8660254037844387
19;-0.1518626718435121;-0.14285714285714288;-0.10216545947356805;-0.1000894054715909;-0.0423731897426674;-0.04222482877358577;-0.03400500987873746;0.0;0.0;0.002628773869837199;0.0041024628056328186;0.004384392219284473;0.023908390402669923;0.03571428571428572;0.03941205332627849;0.03962363935187354;0.048901875105752377;0.05562305662026743;0.06101336572556129;0.09021025889844836;0.09240451561224654;0.09366760262429649;0.10294117647058824;0.10714285714285716;0.1140445453054765;0.12253483518085997;0.1346549569818845;0.13594803505820738;0.1404124751231778;0.14045080663048617;0.14285714285714288;0.145133322227695;0.14946150780635437;0.15406267863672754;0.16111033895634835;0.1674568917001511;0.16996193094540626;0.17272727272727276;0.17288401799905448;0.17444336801691804;0.17558001555718408;0.17581329726021466;0.18695967024937424;0.1922583487514338;0.195469544631143;0.19746672038541666;0.2006918200413703;0.21416975575224811;0.21564242661391206;0.21742468692289543;0.22034851908857772;0.2212777770380782;0.22424242424242422;0.22887597872579155;0.22910285420369064;0.23163963872435736;0.2336947506245716;0.23383766719357651;0.23468915651804403;0.23477900915193187;0.24077318532802233;0.243859649122807;0.24443712423818012;0.2467757335031512;0.25161111459475316;0.2568846016141218;0.25936116143649324;0.2669944301705977;0.2928895930645031;0.3;0.3057395359088071;0.3091689778338161;0.31118280236478085;0.31593365679550867;0.3234422947196926;0.3242442540209265;0.3260912951104691;0.3384439737851457;0.34789196079365436;0.35010541611866586;0.3661988996455807;0.3664044648321651;0.3853581310199042;0.3860294082943336;0.391893264619427;0.39927884644959855;0.4021449326983562;0.4047619047619048;0.4112151390648616;0.4218820679342167;0.42829054379498305;0.4296196624764683;0.43482827673933633;0.4495827334078135;0.4563377739006328;0.4634817899509792;0.4673546148676577;0.4822647754506627;0.5124292459036821;0.6;0.6
9;-0.3571428571428572;-0.3022408796425086;-0.2571428571428572;-0.14224004648257052;-0.12000178156502418;-0.06133805696286797;-0.055878577520934836;-0.05004470273579545;-0.03857539653057726;-0.021350813198244112;-0.009568139619311996;-0.003275017068240758;0.0;0.011043052274403943;0.01404124751231778;0.014406647650202603;0.028830362819096286;0.040623434620236695;0.04242424242424241;0.06471672982192915;0.06831173512798422;0.07142857142857144;0.07302964460294395;0.08331468681650152;0.08368274087557231;0.08672146435541446;0.08753821470046223;0.10302120654270819;0.10520081320424163;0.10775996790139643;0.11119654883826403;0.11320330926760895;0.11449319525285437;0.12051033019345858;0.12161820714988408;0.12261549497180539;0.1272727272727273;0.13157894736842105;0.1406008852926593;0.14519198743828376;0.15145958219420436;0.159019144205196;0.1600327632105474;0.16165473189426044;0.16332754091148247;0.1639948543048204;0.16434899428034738;0.16670574180942146;0.16884678347448437;0.17794108684871265;0.18016946590581268;0.1823000900647586;0.18710514508674753;0.1882534064115436;0.19731121789922054;0.20098039215686278;0.21542116962919167;0.2201773776893011;0.22073438328101322;0.22128922758928218;0.22455184753517762;0.23124392255660636;0.23775403321888086;0.2380952380952381;0.24347173275224734;0.24353073342044523;0.25659823220745825;0.2571428571428572;0.2635320930054104;0.2642422794037107;0.26639864643570527;0.26860765842049905;0.2719269782955098;0.2785041435021867;0.2849512133143166;0.2887875759096429;0.2981931092517037;0.30030188960278925;0.3076730962903885;0.31772010276146195;0.318496693883;0.3241934211807892;0.35203566228972727;0.35356911302733407;0.36279773902050166;0.36386539726376965;0.37725510198056783;0.38901908394733026;0.3986546549653395;0.40047039385868255;0.40481285681331547;0.40561040470022947;0.41046628370856175;0.45774998795601635;0.4589337433281423;0.473637365178064;0.49999999999999994;0.550782483869826;0.7142857142857143;0.7999999999999999;0.8660254037844387
7;-0.17112167450347918;-0.1338923854009157;-0.13333333333333333;-0.10131585335457803;-0.09999999999999999;-0.08579091897564933;-0.08540360969753691;-0.08528428275291908;-0.061348750482917366;-0.025964099279746546;-0.024603787592516562;-0.008324450587817797;0.0052287705791618224;0.02402211473175475;0.02810598184374211;0.03439450238946275;0.03677627147000561;0.04256791794919777;0.05626205015398116;0.05764150345020087;0.07722686131774778;0.09237670787881735;0.09270225500061545;0.09464952724959419;0.1026313318019036;0.10909090909090911;0.10933217340278502;0.11312057329489972;0.11562196127830318;0.11916430529130156;0.12631578947368421;0.1293457628587789;0.13511272698659102;0.13652116956966043;0.14285714285714288;0.14931675980868958;0.1547682079009684;0.15755396862385546;0.16573822985966066;0.16635125692148905;0.1703241542038202;0.17331762247692464;0.17510685763899386;0.17642290388685103;0.17665422025670613;0.17965638587802496;0.18316934907917978;0.18321509196570537;0.18470274978469628;0.18691732494804433;0.19404991203839547;0.19946537737052658;0.20538147390920725;0.21157321226603354;0.21323602898628402;0.21568627450980393;0.218299584676935;0.22644573745488736;0.23164656500127775;0.23177937226595516;0.2325014114870955;0.2380952380952381;0.2443927393851474;0.24559700203983328;0.25293179438052404;0.26174763068536677;0.2730253598246399;0.2761530448893886;0.27896162985750467;0.2797902203665112;0.28199477250663685;0.307871310638177;0.3117473414904175;0.3148331313439163;0.32121212121212117;0.32424897140928005;0.3291401069893841;0.34124414556297283;0.34230572091113576;0.3481702989031553;0.35176127035582877;0.359354543589582;0.3606613583131985;0.36795306857112103;0.3718425779522579;0.37945100226867295;0.3814574960671;0.3828415034675699;0.3851824546439302;0.403131154425133;0.422329202442161;0.43405782955998895;0.43482827673933633;0.4724664358067336;0.4754246759900568;0.49999999999999994;0.5;0.5281158554721622;0.7714285714285715;0.7999999999999999;0.8660254037844387
0;-0.5545454545454546;-0.4553176674618503;-0.4544052005190375;-0.4518868007280905;-0.45;-0.38211273807396146;-0.3710371532632904;-0.3696969696969697;-0.3618117781633856;-0.3214640543850156;-0.30125786715206027;-0.28779950788830533;-0.2868273112833339;-0.28571428571428575;-0.28456633435379103;-0.28237540854679927;-0.2762733161047057;-0.27189349739571544;-0.25586049079680784;-0.25573324129577;-0.2501193153245465;-0.24405182122975463;-0.23862692169187788;-0.23494002547103926;-0.23141664440966297;-0.23080714065385477;-0.22963017460152335;-0.21850264776820338;-0.20627253788661948;-0.2051668932755378;-0.20123303495339068;-0.1942972401011198;-0.19399501993069873;-0.1793552307673661;-0.17162249692814363;-0.16879367379899068;-0.16385660450933054;-0.16082602235666318;-0.15971287332290426;-0.15012197674711575;-0.14878126868619593;-0.14601694191236494;-0.1279607243593703;-0.12651672322359456;-0.12591336288631025;-0.11973655376888755;-0.10196430201945127;-0.09999999999999999;-0.09726463318397637;-0.0861286526859821;-0.08051934340591076;-0.07450113135835178;-0.06814591227617885;-0.058703962848369685;-0.054784579184671583;-0.0528358039967589;-0.05265467817119167;-0.05066827772506389;-0.04919870559637512;-0.0488350095434001;-0.03428876231117132;-0.0321715946158685;-0.031180760951095284;-0.02201275184824737;-0.01767491882555417;-0.014705882352941176;-0.014116071677029052;-0.0082472762780257;0.0;0.0004879192443202579;0.007165046733216461;0.007617816452633217;0.009237087348710045;0.014157648081510283;0.028571428571428574;0.036455098432796776;0.03649769572148638;0.037458203899795144;0.03962325639312637;0.04405675471099494;0.045761135519502706;0.046577170638662464;0.0483670461694802;0.05004470273579545;0.07473636295960234;0.08389717961983313;0.09999999999999999;0.10280166252635128;0.1390273187254475;0.16999661463465937;0.19452493482364025;0.19874688127332119;0.199578821425864;0.2;0.2;0.21032447102290172;0.23190841426097936;0.2380952380952381;0.25789473684210523;0.341282679877354;0.8660254037844387
30;-0.233554350063758;-0.21428571428571433;-0.20375343256716716;-0.2008385781013735;-0.18445583095829574;-0.1600695894032413;-0.12695638395762573;-0.1155387655689914;-0.10303030303030303;-0.09999999999999999;-0.08495054015006986;-0.06901734429328203;-0.06876472796597698;-0.06363636363636364;-0.049740192964708135;-0.034503549119016326;-0.02448296543447009;-0.01334105468547052;-0.013237768560418908;-0.0036800536997353825;0.008003816166660679;0.010148618789412905;0.021350813198244112;0.027191176311259443;0.028571428571428574;0.035916248048070656;0.0485571570453085;0.05814166074058607;0.06615491644179809;0.06920983163169069;0.070533607533939;0.07704513456073767;0.08183073901486089;0.08683275873517539;0.09480686179411946;0.10195424921458549;0.10796416398138468;0.11435166333791814;0.11683405902413885;0.11982636085167382;0.1309777954525862;0.13985944133585979;0.14008359066112464;0.14285714285714288;0.15062893357603013;0.15161126042403844;0.15708645654405518;0.16025521017754607;0.16320482761085406;0.16589211865247375;0.16801088168606337;0.16839592157264138;0.17722424417731958;0.17793332782586124;0.1798721035361167;0.18064821389339242;0.18765816593725504;0.18983107127932775;0.19162658964370036;0.19621873109567284;0.210326893792357;0.21186722563674545;0.21220665738707473;0.21813725490196081;0.22176738206934798;0.22278445153373716;0.22455184753517762;0.23241129423280468;0.2328210205038362;0.2380952380952381;0.2537483150486435;0.26093921186247393;0.2613597845943345;0.26972467711637726;0.2749131073496103;0.2788663337527571;0.30471409342698885;0.32105263157894737;0.32764675915130737;0.3300689078745284;0.3328393628148184;0.33340662349929717;0.33422712184263387;0.35812535311583676;0.3582749110712139;0.35892061983231444;0.36765185440179543;0.3773521239121177;0.3810245284882881;0.38570050708287273;0.3927930035051291;0.39477967414008164;0.40134168084376437;0.41411065416933834;0.4380558037547607;0.44859312206732016;0.550782483869826;0.6;0.7;0.7999999999999999;0.8660254037844387
3;-0.1422606594884729;-0.13778628336643775;-0.11260058115553975;-0.10960205513500314;-0.09999999999999999;-0.08571428571428573;-0.07801713843439012;-0.0741708947048242;-0.02727272727272728;0.02310945775905783;0.02456140350877193;0.025677365531718864;0.030590875066392745;0.03261891678413046;0.0448802808044723;0.060359254507386446;0.06360319183789731;0.06666666666666667;0.07993215085645235;0.09630949106595442;0.09638837522736396;0.105866871065594;0.10652809915529056;0.11057482415950252;0.1121347129980922;0.11416244171581845;0.1181374122993539;0.12891724753158565;0.1299476588868214;0.14285714285714288;0.1474644823248955;0.156109173585912;0.1591644322230719;0.1640684512468939;0.1722263479920722;0.1758055632507936;0.17686753574061456;0.18888627816219547;0.1948056148231665;0.19491318507803282;0.1958708936303326;0.20285957988719475;0.20627253788661948;0.21459314510768684;0.21608190727902762;0.21827591493795906;0.22292116784388;0.22591199681675225;0.2260502597442391;0.23685278863095227;0.24292739702558105;0.2468005961382336;0.24739282711031088;0.24940600455936984;0.24997281140708452;0.25816306210297546;0.26744854674832336;0.2716308013909213;0.27461197257750997;0.2843137254901961;0.3;0.30317501923682044;0.30353318342934316;0.3056391540896167;0.3092432170501795;0.30952380952380953;0.3105496388855853;0.31438179674417593;0.31670057370849386;0.31805235009927085;0.32472347650775446;0.3304382248525432;0.33885580596784515;0.3559495037817145;0.37803635260461477;0.38448416017647485;0.38640720012769464;0.3921276820808476;0.41344106928586166;0.41589761349364995;0.4223543114535435;0.4285714285714286;0.43482827673933633;0.43942386377244147;0.4424242424242424;0.4498216534124919;0.4504251428483122;0.4538954573619217;0.4539769462461444;0.46158761951451294;0.4642949788916512;0.4677693474632738;0.4693750574151452;0.4795743134426405;0.5072003760475221;0.5197948043508656;0.551800276289374;0.5768513546386919;0.6;0.7142857142857143;0.8660254037844387
4;-0.2008385781013735;-0.19112290918570402;-0.14285714285714288;-0.12071781211220034;-0.1105067553834825;-0.09999999999999999;-0.064343189231737;-0.06329222467794712;-0.033551277882955026;-0.009223286910488715;-0.009090909090909092;0.0;0.003463235914358239;0.028694404672912486;0.048033583667531105;0.04887082629616142;0.05069778558143504;0.057459051050631885;0.05882338736266655;0.0617083501204427;0.07196139350062863;0.08324450587817796;0.0862737741646826;0.10073881101868844;0.1136417844189238;0.11956029160872052;0.12143488154368891;0.12473622142786492;0.1307268510945849;0.13335392850720423;0.13612503803113551;0.14852296768915807;0.15614035087719297;0.16145811720990985;0.1695424344892592;0.1727149333764469;0.17432434486469933;0.17654070471240285;0.18221054927681174;0.19072957457451414;0.19200683533330692;0.1936381754863297;0.19653528464968;0.2;0.21496323835542325;0.21639842045371852;0.21912097458338758;0.22692323928831754;0.22959686080724614;0.22975247196869192;0.23034252986344614;0.24172941639550602;0.2446112662243276;0.24805136417880289;0.2485233421080729;0.26223685826005944;0.26356565923708025;0.26455013448651116;0.2678738661528938;0.2681258910636328;0.2690485453220248;0.2697601130245386;0.27941176470588236;0.2797416509183831;0.281878142444755;0.2825377704110507;0.28484848484848485;0.28571428571428575;0.28685872589985895;0.29479545465892826;0.29539270411185153;0.3;0.3003493015259524;0.31178177609423985;0.3131706957753647;0.3333333333333334;0.3414172985641671;0.3458776040572538;0.34748098373253106;0.3509633250873967;0.3548461867948254;0.35703733808609356;0.3612999177105228;0.37500042527108196;0.3916915862660498;0.392839200538;0.41824912741810044;0.4204682937305677;0.42542460315822905;0.42930584790571485;0.4379178504534018;0.44236739636787814;0.44238632290039354;0.4703031279504757;0.48436123005002024;0.5173055243837241;0.5230901432109646;0.550782483869826;0.6;0.7142857142857143;0.8660254037844387
28;-0.17575757575757575;-0.1322610000874594;-0.11464389781546441;-0.08566677529402739;-0.08181818181818183;-0.06603963934396022;-0.06591320706142312;-0.06222606345581061;-0.05799290207578102;-0.03571428571428572;-0.030590875066392745;-0.029380573177653947;-0.028571428571428574;-0.02794083745549185;-0.024846267454648307;-0.023026621721201398;-0.019747042899846672;0.004537249607446368;0.007123110974608358;0.013143869349185995;0.022758407437211286;0.03581380796578448;0.03857568652620187;0.04478068373653065;0.07142857142857144;0.07862378389061946;0.07962145428158085;0.08571428571428573;0.0864286168670779;0.09144145411869292;0.09999999999999999;0.10295688117855517;0.1062272972883279;0.1169809444467478;0.11880965886297389;0.12472948864754782;0.12869218108062716;0.12909936690823756;0.1340958713407514;0.1364445583633924;0.1422606594884729;0.1430405762643905;0.14385964912280702;0.1510288862484945;0.15167182919470332;0.17284808648582697;0.1828733989929137;0.1886714717314224;0.18957112913737306;0.19234378270724203;0.19627420866951478;0.19784503479319412;0.19891665359015542;0.20368352019027258;0.2068802421989594;0.21298377074168187;0.22193820026647465;0.2248440363713353;0.22663206020683063;0.23140144742988294;0.2354144933869566;0.23584298648718285;0.24270663852961993;0.2467488051594971;0.25176228582484034;0.2534447692452549;0.2602255808248675;0.2605045713481375;0.2781404236722705;0.28127561767115683;0.2821969065541161;0.2936194323033374;0.2939886197891535;0.29411764705882354;0.2948516841365261;0.2974992037385554;0.30435251385797135;0.3124249739055613;0.3212882476148182;0.3333333333333334;0.33337141217983174;0.34667775394657907;0.36093106344571796;0.36708247512257136;0.3764155669888812;0.386034028518561;0.38737020624773366;0.3879438345390561;0.3920748170211679;0.4004917731909863;0.4245639036944135;0.43106864461959915;0.4332154081331612;0.43825350905174637;0.43987073374064695;0.4486150138101662;0.49999999999999994;0.6;0.7247137945655605;0.7999999999999999;0.8660254037844387
26;-0.3571428571428572;-0.3;-0.1600098774577987;-0.1496553225015276;-0.11134791051485059;-0.09184286944238103;-0.08571428571428573;-0.06363636363636364;-0.04384687265867197;-0.04339042042371526;-0.030179627253693223;-0.02864633362271122;-0.023124827655631765;0.0;0.001755085395126651;0.008505920150784036;0.039190515855898896;0.04329468849559756;0.05721626632788273;0.061163753516305285;0.06587192727114234;0.07330239788294737;0.08280637689987176;0.08292206398341098;0.08422299915033855;0.09122785049058098;0.10714285714285716;0.1081744818580054;0.10883084948134732;0.11440321462667158;0.12047037356816638;0.12704690373712743;0.14430743884970784;0.14818091318794496;0.15039299429827993;0.1515151515151515;0.1583912590235823;0.15899720766358738;0.1595840188793573;0.16286141518511565;0.1634749443021606;0.16819212029637193;0.16993013489129064;0.17401960784313728;0.18955684141629006;0.19003563532266798;0.19478326482938266;0.19913570643118836;0.20397733668867613;0.20779980986945176;0.21034858012149063;0.21052631578947367;0.2120771275650642;0.22005703430665527;0.22453027798584166;0.22686285836500625;0.23011569373274973;0.23533346266898503;0.24159214720300998;0.25091261266487064;0.25097476436036187;0.2535586699651627;0.25715877397586956;0.25762676596814943;0.2607786959642011;0.2609365423613949;0.2658051660992371;0.2671434995187115;0.2717100084834006;0.29571159000769764;0.30569815336765277;0.30700478717327545;0.3142857142857143;0.32781199108772224;0.33096207282189954;0.336288157051963;0.34721534464723125;0.3660208899312015;0.374369391925855;0.3769397412018604;0.38194220916652954;0.3822324614468192;0.3835101821445911;0.39304338958266616;0.3994674365197309;0.4186830359605839;0.42075278032582436;0.42319325100873106;0.4285714285714286;0.435687694987712;0.4384540000301678;0.4490354042752034;0.4512235500675665;0.48159550956190966;0.4852944040355897;0.6;0.620196851761465;0.7999999999999999;0.8285714285714287;0.8660254037844387;0.8696565534786727
21;-0.07619119011588125;-0.07142857142857144;-0.07142857142857144;-0.06398617361024322;-0.05183201354778813;-0.04339042042371526;-0.017559113367308827;-0.016083968935079893;-0.009004821704748462;-0.007380655571574124;0.013944498874161753;0.021468319937003794;0.028571428571428574;0.03778010995531358;0.05339197283045012;0.059005557536750936;0.06082790180191479;0.06392949894777405;0.07142857142857144;0.07598039215686275;0.08034966568877883;0.0820712073814593;0.08718062935354166;0.08989808634056214;0.0977571051786172;0.09999999999999999;0.10530935634238334;0.11228070175438597;0.11515151515151514;0.11662541758141945;0.12791118080115246;0.1297520694852817;0.1312192333549017;0.13403638101343815;0.14285714285714288;0.14701828417914314;0.15490444058829242;0.16029466533529962;0.17272082968155547;0.17657470385302282;0.17696699051644443;0.17787776942623276;0.17837073082515825;0.17864773208235826;0.1792081097418694;0.18036880929939916;0.182809292625393;0.18788719072441912;0.19141309886071636;0.20122393063938043;0.20909090909090913;0.21497387435718793;0.2195479051170022;0.22138286851457092;0.22206205719828886;0.22546763883765433;0.22697427998649605;0.23054975600398422;0.23254304571703674;0.2383779603285808;0.23849492662374205;0.24095917752304066;0.24132973579888256;0.2567188707745516;0.26262770678454134;0.2634873481538344;0.2670326368527845;0.28216965353968454;0.29424181886897904;0.29527512621055835;0.295673228997048;0.3010467573726879;0.30125786715206027;0.3042381433914105;0.3080683117172762;0.30952380952380953;0.31375174941927625;0.31544405261231306;0.32559457548658965;0.33450592565787135;0.34964974869429843;0.3569281156194636;0.3640469622257355;0.3705849428349767;0.3807711401165936;0.39409012618343814;0.39477967414008164;0.39478265860082834;0.4110814867583197;0.4112086201436039;0.4151952267163063;0.41591238470422476;0.42007562868515536;0.43955577637983145;0.4553541948567803;0.4721393839912086;0.49999999999999994;0.6571428571428573;0.7247137945655605;0.7999999999999999;0.8660254037844387
14;-0.2928895930645031;-0.17489341367509106;-0.10609597452469216;-0.09814089114058876;-0.07142857142857144;-0.06888240527598499;-0.0635282115385614;-0.033376123330071894;-0.025053597482160624;-0.021051092902666737;-0.019263591386075588;-0.00836827408755723;0.0;0.004656320969091438;0.01818181818181818;0.028571428571428574;0.033517402742270726;0.0389606776654758;0.04629095380417104;0.04752526492229694;0.064343189231737;0.06863792078570345;0.09999999999999999;0.10453629204346078;0.10503669942932709;0.10782881710069038;0.11090388207998013;0.11590441450475374;0.11624759409098205;0.11921644381569914;0.12135780086992451;0.12616105565552313;0.13248030396512256;0.13770920035465967;0.13774736179040975;0.14228947630959057;0.1435439496508279;0.1466612288664147;0.15203051257455566;0.15207926895585847;0.15707141435548222;0.1571962418355422;0.15746115844578645;0.15754872632233474;0.16475886947995952;0.17156862745098042;0.17372437589766893;0.1857062290798604;0.19043441938580993;0.1913853006464319;0.19292458600611886;0.19366104973922227;0.1998022738023789;0.20000000000000004;0.2072607757435323;0.22159831433103674;0.22274422034136604;0.2285123893204807;0.22866396731183758;0.23061230142484562;0.23710219138881278;0.2373349547919021;0.23963008846328437;0.2403322079673691;0.24259471561592347;0.24283710225005803;0.24528651212913893;0.24591129913741;0.2527371390026359;0.26211853855650963;0.2723326220626516;0.27818920175240547;0.29925003155428054;0.30623831681733865;0.30952380952380953;0.3142857142857143;0.3148825451567803;0.3258365167574467;0.33433772855494054;0.33890743780204596;0.3422240477432847;0.3473684210526316;0.3523392558067289;0.3571428571428572;0.3572173049463009;0.3603008409992308;0.3751231117545296;0.38212059093451894;0.38423382018261;0.3848786395295851;0.3950160243773592;0.397585930200322;0.41764115730062135;0.43922506791744176;0.4430009977067571;0.45429464981416695;0.4861485408620129;0.550782483869826;0.6;0.6;0.8660254037844387
13;-0.19014797658489072;-0.17575757575757575;-0.1729144217240292;-0.14285714285714288;-0.11007611673865082;-0.0799367939216962;-0.07142857142857144;-0.06950198246629807;-0.049620096811761195;-0.02250089976409634;-0.01560296484867863;-0.011704296642898513;-0.010955402496330776;-0.008821892823459338;-0.0037715384381870236;0.0;0.0;0.011737107915959237;0.027726586964721817;0.05315916755481185;0.06378560868683292;0.07142857142857144;0.07505470252118356;0.08571428571428573;0.09204866975733146;0.09472747303561281;0.0950168245919389;0.09999999999999999;0.10309128318240944;0.10348486518459907;0.10376438409303643;0.10453058498553877;0.10686037772938567;0.10889721545077714;0.11557503430203463;0.11653685581213195;0.12410068763116693;0.12688232931138696;0.12724880558037988;0.12970561373861558;0.13169694312280916;0.13587040219036092;0.1367731207429677;0.1375492611945448;0.138101416611647;0.14545454545454548;0.14950980392156862;0.15062893357603013;0.1521513690392456;0.156109173585912;0.15826132931617715;0.15959089002630814;0.16320482761085406;0.16812531493830812;0.1728062104316438;0.18291251389906385;0.18338313514613827;0.18681162330057385;0.19184635900974728;0.19370568328741974;0.1965719668713937;0.20053480941562601;0.20497664360786919;0.2078885274684518;0.20944811530932672;0.21014761133549642;0.21436956759449186;0.2157434701712498;0.23068292402696391;0.23830900646450426;0.24165210553686978;0.25602275859007917;0.26067637514262426;0.29621416166894726;0.30399861422718877;0.30860828171678684;0.30952380952380953;0.31045301156193045;0.3261590484874978;0.32771793481941314;0.3368421052631579;0.3452859080982426;0.3502772083566424;0.3543557000334382;0.36063959392616934;0.3617374662761204;0.36953916918004964;0.3837580429487302;0.38554260590119266;0.399912963436598;0.4040461749156927;0.41430047330695785;0.41936924631258043;0.43419400804729225;0.45360446002188193;0.48571428571428577;0.5008119783459087;0.5272566895378448;0.6957252427829381;0.7;0.8660254037844387
5;-0.18333333333333335;-0.1785714285714286;-0.12085937066445145;-0.09999999999999999;-0.08632354535664997;-0.07300077130571318;-0.04215577926482026;-0.04184137043778616;-0.04184137043778616;-0.026327339085595834;-0.023965198487825017;-0.02103019095869759;-0.017316179571791195;0.0006520250014100316;0.007853205489428682;0.008166889409811185;0.020195388231178134;0.03253770660089074;0.03263349543405691;0.03571428571428572;0.04643282052020281;0.05773450625360718;0.05835438423492067;0.05883483114621039;0.06365703486108826;0.0673031820687274;0.08221629735166394;0.08861212208865979;0.08966370112029975;0.09014553234572957;0.09714187371407522;0.10560416676021425;0.10765580545066769;0.10909090909090911;0.11120116589807078;0.11931490486992201;0.12092163833655413;0.12704072282224668;0.13066489002557172;0.1364817425826685;0.14344727789983977;0.14510236235994056;0.1469611389503061;0.14968027825436236;0.15068028627564653;0.1515151515151515;0.15418668309413522;0.15765498548039938;0.16490581193823814;0.16596694040432766;0.16805375406103604;0.16988707623290725;0.170462295302839;0.17050436580484057;0.17492214576384724;0.18801154881140605;0.19032636907064102;0.19559993271870785;0.2008245056528349;0.20562620495680464;0.21078431372549022;0.21113758115545755;0.21131949461249733;0.2124257770758982;0.22132764387895765;0.22623735050602037;0.22878867484716214;0.2359833915909412;0.2380952380952381;0.2393670804959193;0.24035087719298245;0.2571428571428572;0.2578089243324239;0.2644044560439211;0.2734209262934586;0.2867450549065159;0.29033710125116596;0.29930248964089257;0.3075601901493888;0.3137129961622823;0.3275899164512737;0.3301403441298219;0.3344202919925282;0.33691580591683945;0.337705265890603;0.34337388338074976;0.3483152270915229;0.35430567272115876;0.37257137103495974;0.3909592665035775;0.39308283013081413;0.433599004655966;0.4347727790524206;0.47190550451844193;0.48571428571428577;0.48571428571428577;0.4879358516740056;0.49999999999999994;0.550782483869826;0.6;0.8660254037844387
2;-0.36891166191659147;-0.23089269168494445;-0.1421574798071273;-0.13058500428775355;-0.11666666666666665;-0.10991278595197676;-0.09999999999999999;-0.08767246613247882;-0.08688021898246627;-0.07661134915252218;-0.040021143359588465;-0.029303112335434936;-0.026010336630525474;-0.024673561910920985;-0.015551667988645988;0.0;0.008099594099630375;0.009090909090909092;0.012636195566307738;0.020713445109939152;0.024136106568370327;0.03354974692159068;0.03594612191493381;0.044106931658075436;0.04825048831076499;0.05020964452534338;0.05167665911919693;0.053618044423124796;0.05732848807812691;0.05898125679575891;0.0626003609486148;0.07209958292157961;0.0727662861832788;0.08472555241210739;0.08571428571428573;0.08850205361785236;0.09418642913120201;0.09845484956532707;0.10101414262854803;0.10221015562247451;0.10503396379349295;0.11192394909428283;0.12314203312017588;0.12835429011878396;0.1300841906982909;0.13281947767540847;0.1380499627655632;0.1439333335023416;0.14569580065039758;0.14644831445903994;0.14747834643711238;0.15079816614512564;0.16826300427753677;0.16991907430169348;0.17132575085503654;0.17603041701472696;0.17828791476836753;0.1912550964467556;0.2;0.21137094064034778;0.21364995614511806;0.2137095493379346;0.21405931080296006;0.22028602351237367;0.22412842352890056;0.22750568189431303;0.23039546716802578;0.23708524195022443;0.2483112966984285;0.25571924292895587;0.2559083319880732;0.2571428571428572;0.2573529411764706;0.26666734991972946;0.2779800720214362;0.280468368237654;0.2808253396752411;0.28571428571428575;0.3;0.3057355167353497;0.30701754385964913;0.30952380952380953;0.31529685930564616;0.31689285721193855;0.3184824664611232;0.3333474754806184;0.3356251955214398;0.3419716496071296;0.346268006601644;0.3689763220538758;0.3696969696969697;0.38233586106948625;0.38248451376643655;0.38499847261138204;0.39048829252737294;0.39072519419912993;0.42675262992480606;0.44261630483468817;0.4692910695903619;0.6;0.6957252427829381
31;-0.13333333333333333;-0.10714285714285716;-0.09999999999999999;-0.07142857142857144;-0.06164482100264054;-0.028571428571428574;-0.006060606060606061;-0.005346904717270319;-0.00491547606818838;0.017676172782461756;0.021273781453754782;0.028053906101205527;0.03280505012335541;0.033335391137041405;0.0360280029721832;0.037878340752939645;0.041246385168879754;0.060734660228759424;0.06978773179244227;0.07203808937530289;0.07324624350717135;0.07342761190405737;0.07470694615258487;0.07531446678801507;0.08571428571428573;0.08574049002113888;0.09099905539514286;0.09576929667636333;0.10073635239217073;0.10714285714285716;0.10923218231285083;0.11120940241628861;0.11505784686637487;0.1272727272727273;0.13115499536064237;0.1434410735276329;0.14799737882682729;0.14816491936803194;0.15021322968679335;0.15964912280701754;0.16334098586806925;0.16377371258169277;0.17519481035744638;0.18035465780448998;0.18382592720089772;0.19350613821507934;0.19607843137254904;0.19926574750319123;0.20137860925976103;0.20152061243136712;0.21204817684910657;0.2142450703917317;0.2155214521249317;0.22293878120145566;0.22360622508316422;0.2456432291465141;0.2526858452005734;0.2671615444166983;0.26730483311627723;0.2726081592152103;0.2790009451974067;0.2804543685003407;0.2890352773387107;0.28988551782622424;0.29203839511016755;0.29210178041785245;0.3009213024514835;0.30215268461784084;0.3127583691730972;0.31392904812795475;0.31896106122576134;0.32182398765162934;0.32431558481702905;0.3278201971157986;0.33019646664881297;0.3343572063870671;0.3410880032097746;0.3443442965786304;0.3490524628728779;0.35206224275692305;0.35576064372227206;0.36040968180456384;0.3680935086736291;0.3915667091183988;0.3936855105567647;0.3946108905242713;0.39636560456945796;0.40036308569436047;0.40678507322255125;0.42390120009711496;0.4280778352866616;0.43446791939907636;0.4791645151457655;0.49139956609795926;0.5060698178406069;0.5476190476190477;0.5737267706496548;0.6;0.7;0.7999999999999999;0.8660254037844387
12;-0.35335514605263885;-0.28571428571428575;-0.16376158395036816;-0.05912557594444862;-0.05458621840334872;-0.04293663987400759;-0.03553245995749859;-0.01366877088473142;-0.010154105700509092;0.0;0.00566450146075864;0.017639727065384515;0.02129680067541283;0.028571428571428574;0.0304023524464384;0.03314820747935045;0.03425372369644236;0.04184137043778616;0.04242424242424241;0.05607415012126272;0.08279402577074862;0.08745678380306646;0.09784648288183066;0.11668641453116142;0.11796251359151783;0.12072858857691161;0.12094356891908582;0.12149903663578154;0.12425797796159373;0.1272727272727273;0.13101348386332848;0.132655981518523;0.13970565127639895;0.14138598116768145;0.14215686274509806;0.14285714285714288;0.1437310267286257;0.1448003649707771;0.14547173077154144;0.15663009241415007;0.16229541312533932;0.1785714285714286;0.17976879510040406;0.18059517629773814;0.18080771531005813;0.18231062076971197;0.1829181957974744;0.18695889364170754;0.18878723987858745;0.1890224117420007;0.19174543584506704;0.19468925588315325;0.19585109088520722;0.19714471999418573;0.200151786110423;0.2023944758135344;0.20341527849234184;0.20444311205199797;0.20678588769804085;0.20776851637669383;0.2099994946152063;0.22923465666947626;0.24161614462252423;0.2536725882275623;0.2571594793505688;0.26170711657146856;0.2677350047156765;0.26934422457524587;0.2699136154174375;0.2837218581705159;0.2844969965194513;0.28450797213425166;0.28726363091803525;0.28988551782622424;0.2979346509680685;0.30120516086030674;0.3063197056574409;0.3070655215685293;0.3136238622406434;0.32561053464923945;0.3343856631541567;0.3353117367277547;0.3403508771929824;0.34923176226184455;0.3545638175498181;0.3552587724660191;0.363922524633931;0.36503600744717096;0.3666891076485485;0.371531265234428;0.39222751290914726;0.4285714285714286;0.4389501650518161;0.4593388786821225;0.4850679793980747;0.4885470242049177;0.49999999999999994;0.5268086380081223;0.6;0.6;0.8660254037844387
15;-0.28571428571428575;-0.12552411131335847;-0.08970134406520981;-0.08894018259615855;-0.07826315237909974;-0.07396482417093668;-0.051340876037353336;-0.03234005593242067;-0.02139363592434031;-0.00836827408755723;0.0;4.892806622512896e-05;0.00296996199895213;0.017348824584466804;0.02446575556322012;0.028571428571428574;0.034950499127523064;0.03735171793791753;0.054030629318005494;0.08447744096701965;0.0932384577800356;0.09450762403142474;0.11444598669025341;0.11468697578326693;0.11515151515151514;0.12383278047272188;0.12511175683948864;0.13437593935470524;0.13817754103251315;0.140149784936514;0.14285714285714288;0.14796904931990731;0.1481342812918097;0.15439851252420403;0.15462745901855807;0.1569495989268163;0.15898935131825984;0.16093184850246792;0.16401110509551597;0.17113905349171196;0.17377353504259196;0.17507426961891615;0.17581519706827914;0.1790259057820517;0.18678253709309614;0.18859196237594705;0.19302767844686733;0.19378685813013122;0.19425655724707744;0.19890529757343633;0.20084370759123635;0.20255055484815113;0.2080300797628164;0.22058823529411767;0.2216529656901356;0.2273427447267338;0.2407604473539811;0.24482223054192992;0.2511808269760688;0.2581699866198603;0.2604741936662897;0.26363636363636367;0.2667411491074065;0.2672930644096393;0.2692170054426746;0.27017543859649124;0.27627280792538333;0.2790967264377091;0.2820550333488857;0.28238578592157415;0.2833718618468777;0.2836369864297094;0.29181295940101654;0.3;0.3048931810188465;0.30952380952380953;0.3154213513255449;0.3171853938108044;0.3185045032459914;0.3230673887431963;0.34875885004594115;0.354330378627839;0.3599401672280666;0.3637494086780517;0.37780312863143656;0.3842386402785333;0.38516066737471244;0.3903524690695615;0.3922466641780393;0.3928501810822799;0.39285714285714296;0.39395168493139787;0.43905568449037047;0.45150638635499;0.4813883816069227;0.49151376647904205;0.5361932435978083;0.550782483869826;0.6;0.6;0.8660254037844387
20;-0.28571428571428575;-0.1785714285714286;-0.1644545962760709;-0.16315620192207722;-0.09999999999999999;-0.08336503593848045;-0.07149243247970777;-0.06182490215555443;-0.05454545454545456;-0.018726874628637622;-0.006232217620208165;-0.0020213908077485352;0.002408411000321755;0.010076966501042596;0.011300343215525177;0.013563291407840326;0.028571428571428574;0.044444549922875484;0.05172731677852918;0.05258717094746563;0.05848162809867372;0.06318561380543002;0.0632272935794229;0.07081483888376963;0.08034966568877883;0.0846312643911865;0.09626794232521425;0.09697659347609529;0.09999999999999999;0.10017074227180066;0.1062567812163294;0.10998459240379067;0.11862132924991695;0.12502685393515087;0.12865929157299458;0.13196363305324912;0.13702294408995563;0.13931727335666924;0.1456140350877193;0.14790216230666708;0.1515151515151515;0.1598478070437789;0.16059773486089604;0.1625160313939881;0.16973543347084669;0.1728348813407149;0.1779467471033483;0.1800027716813685;0.18205743551648002;0.19038850220556508;0.1985294117647059;0.21517947898349996;0.217575126276488;0.21868551139734324;0.22156291748382612;0.22173633360870576;0.2226769168693793;0.22634878025188362;0.2275686939131527;0.22926352353288992;0.22998637886907175;0.23288033443073;0.23306414092684646;0.23648006897048743;0.23766511966195328;0.2487737587040888;0.24992697862364874;0.2533290162839227;0.26837400975373954;0.2846500677703983;0.28571428571428575;0.288066106729746;0.2969863263834748;0.29882490433287057;0.31131295147986626;0.3147593930990206;0.3221887445267211;0.3270042890696437;0.3293990557378416;0.331914219517567;0.33903841458353573;0.3465153408920737;0.3610344966928819;0.3612999177105228;0.37530167000829284;0.3805320067689712;0.38993674790992683;0.3943558078426366;0.40814241507448457;0.41128707595244607;0.4279396734352832;0.42876732820512176;0.42948774713721666;0.43610395236421584;0.4523809523809524;0.47739046492084797;0.48571428571428577;0.49687240573396907;0.5797710356524485;0.6;0.8660254037844387
27;-0.3571428571428572;-0.3142857142857143;-0.3;-0.28890672318769206;-0.26809662179890414;-0.25104822262671694;-0.23636363636363633;-0.14545454545454548;-0.1167605251126492;-0.11414337448270358;-0.10204800781627406;-0.1019900596783806;-0.07562764020691927;-0.06977271030992405;-0.06613455847686812;-0.05857791861290061;-0.05773471530750914;-0.02524749497794924;-0.018497814303813476;-0.014123572161673596;-0.004184578604121414;0.0;0.0;0.011227905117989758;0.028988818450420145;0.04167448040725359;0.045300213193201724;0.04780845654961008;0.05819113870664322;0.07716900742197688;0.07793251434227458;0.08123363639616735;0.08238865069118817;0.08476242728040459;0.08571428571428573;0.09242406854420897;0.0949707061418729;0.10969724618998264;0.11388152886250447;0.11784575174648586;0.12724940679923577;0.1322657511765136;0.13648541694489263;0.13953844454420644;0.14160846714657357;0.14204826740056284;0.14226701003976397;0.14540400088692346;0.1625160313939881;0.1702430230615289;0.17331901351840948;0.17915530100490254;0.18042051779689672;0.1941526233684294;0.19486472266131374;0.1988496444701574;0.1998413183884012;0.2111559221942124;0.2127200503665222;0.2225230656733086;0.22860470386888251;0.22982456140350876;0.2303921568627451;0.2336066453107767;0.2340849516223676;0.2364612209767294;0.23903866151918862;0.24964962925950845;0.25287055707572004;0.26124874905167755;0.27774628194044565;0.2884023938875025;0.29323077513306756;0.29776307487575;0.3020411627828924;0.3146103287377023;0.3161641811711347;0.3247958471142309;0.35113765940517083;0.3570133085173471;0.36857480402123466;0.37595815441408054;0.3772075186172819;0.387834450536511;0.3883148359747008;0.39405854439436266;0.39601336538398035;0.39759081233560495;0.39955518570709525;0.4091590662445217;0.42480960286614367;0.4269588752689821;0.4285714285714286;0.43482827673933633;0.44163542910571363;0.4494235582140175;0.4647008111181005;0.5195689679761861;0.6;0.6571428571428573;0.8660254037844387
29;-0.3;-0.25104822262671694;-0.25;-0.19054313581614019;-0.1785714285714286;-0.1610536237643268;-0.14285714285714288;-0.14226383790465033;-0.11438789196753243;-0.11420562501949472;-0.10562667661533254;-0.10303030303030303;-0.09539660489471315;-0.07557280254438177;-0.052490057058365965;-0.048485302801015345;-0.04463898700606375;-0.04416934334422306;-0.04319572703078881;-0.03877286028181442;-0.03759537262088184;-0.0347797004083625;-0.02727272727272728;-0.019977434369992077;-0.013156029221148264;-0.006510176870503128;0.0023969916276035284;0.00836827408755723;0.011124704590049658;0.0315704347518768;0.03460847905680479;0.03986279245631239;0.04370507252668302;0.053889864331662575;0.06164177132955205;0.06582372333688365;0.06848456405398902;0.07158008248142207;0.07530690253196848;0.08838880951324161;0.08939317821613849;0.09005687078732146;0.0943877681999218;0.09586051477330579;0.09721335662621765;0.09828873258622446;0.10172381850912976;0.10564685344363733;0.11015200043819619;0.11746957760391635;0.12456140350877193;0.13710314357492637;0.1537760450305815;0.15790847007073802;0.15985967797420195;0.17156862745098042;0.17750732482445442;0.18522074884857262;0.18679242063528262;0.18719821464865632;0.1896510236592415;0.1914794466571331;0.19346451142898743;0.1943544989875694;0.19452635662836168;0.19501784299030347;0.20764878835923598;0.2099355096898839;0.22677164529720448;0.2343435747912524;0.24510060922333346;0.25692149114345775;0.262116844344705;0.2637291568841774;0.2863874644916193;0.28988551782622424;0.29132989194007924;0.29559777195132453;0.3020866604948402;0.303345257960492;0.30952380952380953;0.3112596931613652;0.3142857142857143;0.3147593930990206;0.3150647911595959;0.33298115258601346;0.33741738077711536;0.3379637798870612;0.3383510884397864;0.3467047858807181;0.36939376275682523;0.3758888368635515;0.3784280701299979;0.38463797125068855;0.38858685284317784;0.39347245667604164;0.5022343381699471;0.6;0.6;0.7142857142857143;0.8660254037844387
